연번,업종명,업소명,주소,전화번호,위도,경도,웹페이지,가격대,메뉴,,,,,,
1,일반음식점,삼미투가리백숙, 청주시 흥덕구 예체로 157-1 (봉명동),043-264-6414,36.640393,127.468736,sammitogari.7x7.kr,"40,000",누룽지닭백숙,,,,,,
2,일반음식점,흥부찜닭, 청주시 흥덕구 성봉로 291 (복대동),043-267-4821,36.631081,127.450952,http://hbzzim.com,"21,000",간장찜닭,,,,,,
3,일반음식점,신토불이, 청주시 흥덕구 천석로 73 (봉명동),043-263-9497,36.6419889,127.4630098,https://www.siksinhot.com/P/899106,"10,000",삼겹살 갈비,,,,,,
4,일반음식점,병천토종순대국밥수육국밥, 청주시 흥덕구 내수동로 39 (복대동 1층),043-231-7880,36.632824,127.451763,https://search.naver.com/search.naver?sm=tab_hty.top&where=nexearch&query=%EB%B3%91%EC%B2%9C%ED%86%A0%EC%A2%85%EC%88%9C%EB%8C%80%EA%B5%AD%EB%B0%A5%EC%88%98%EC%9C%A1%EA%B5%AD%EB%B0%A5&oquery=%ED%9D%A5%EB%B6%80%EC%B0%9C%EB%8B%AD&tqi=Uq%2FGfsp0Yihss7P8BklssssstLs-146738,"8,000",수육국밥,,,,,,
5,일반음식점,후라이드참잘하는집(가경.복대점), 청주시 흥덕구 가경로 100-20  1층 (가경동),043-231-8292,36.624096,127.440941,https://search.naver.com/search.naver?sm=tab_hty.top&where=nexearch&query=%ED%9B%84%EB%9D%BC%EC%9D%B4%EB%93%9C%EC%B0%B8%EC%9E%98%ED%95%98%EB%8A%94%EC%A7%91%28%EA%B0%80%EA%B2%BD.%EB%B3%B5%EB%8C%80%EC%A0%90%29&oquery=%ED%9B%84%EB%9D%BC%EC%9D%B4%EB%93%9C%EC%B0%B8%EC%9E%98%ED%95%98%EB%8A%94%EC%A7%91&tqi=Uq%2FHTwp0JywssKEM5oGssssssN4-254917,"14,000",치킨,,,,,,
6,일반음식점,조개까는세상 본점, 청주시 흥덕구 월명로 37 (봉명동),043-263-2600,36.63797,127.453281,https://store.naver.com/restaurants/detail?id=1259416419,"49,000",조개구이,,,,,,
7,일반음식점,봉평메밀막국수, 청주시 흥덕구 가경로161번길 23-4 (가경동 (1층)),043-235-4952,36.628419,127.435265,https://store.naver.com/restaurants/detail?id=1653088497,,막국수 냉면,,,,,,
8,일반음식점,흥부네왕돈까스, 청주시 흥덕구 내수동로 63 (복대동 (1층)),043-265-1422,36.632794,127.454488,https://store.naver.com/restaurants/detail?entry=plt&id=13317590&query=%ED%9D%A5%EB%B6%80%EB%84%A4%EC%99%95%EB%8F%88%EA%B0%80%EC%8A%A4,"8,000",돈까스,,,,,,
9,일반음식점,일미닭갈비파전, 청주시 흥덕구 충대로 14  2층 (복대동),043-268-3212,36.6327331,127.4475431,https://store.naver.com/restaurants/detail?id=1726201355,"16,000",닭갈비,,,,,,
10,일반음식점,장군반점, 청주시 흥덕구 장구봉로137번길 3 (복대동 (1층)),043-275-7687,36.6248359,127.4462414,https://store.naver.com/restaurants/detail?id=17483014,"5,000",짜장면 짬봉,,,,,,
11,일반음식점,장금이네튀김, 청주시 흥덕구 풍산로117번길 4 (복대동 (1층)),043-234-5685,36.6294855,127.4407685,https://store.naver.com/restaurants/detail?id=1495272530,,,,,,,,
12,일반음식점,동인동찜갈비, 청주시 흥덕구 성봉로237번길 23 (복대동  (1층)),043-275-8755,36.5388096,127.2985477,http://bestfood0432758755.modoo.at/,"18,000",등갈비찜 불고기,,,,,,
13,일반음식점,한양왕족발보쌈, 청주시 흥덕구 내수동로 24  1층 (복대동),043-231-2228,36.6392631,127.4424733,http://bestfood0432312228.modoo.at/,"25,000",족발 보쌈,,,,,,
14,일반음식점,가락우동, 청주시 흥덕구 복대동 1644번지,043-246-2465,36.6315266,127.449291,"https://www.google.com/maps/place/%EA%B0%80%EB%9D%BD%EC%9A%B0%EB%8F%99/@36.6315266,127.449291,17z/data=!3m1!4b1!4m5!3m4!1s0x356528922e28b257:0xbc98e63c46c60aa4!8m2!3d36.6315266!4d127.451485","4,000",우동 만두,,,,,,
15,일반음식점,달콤한 닭강정,충북 청주시 흥덕구 가경로 9-12 (가경동 외 1필지(101호)),043-233-1009,36.6083208,127.3005499,https://store.naver.com/restaurants/detail?id=37653273,"2,000",닭강정,,,,,,
16,일반음식점,갈골마당, 충청북도 청주시 흥덕구 봉명1동 216-1 (봉명동 (1층)),043-262-8884,36.6378875,127.4514858,https://store.naver.com/restaurants/detail?id=1517426232,"7,000",한식,,,,,,
17,일반음식점,와우돈강마루, 청주시 흥덕구 장구봉로129번길 1 (복대동 (1층)),043-276-0700,36.6247328,127.4452627,https://store.naver.com/restaurants/detail?entry=plt&id=32194722&query=%EC%99%80%EC%9A%B0%EB%8F%88%EA%B0%95%EB%A7%88%EB%A3%A8,"7,000",한식,,,,,,
18,일반음식점,양평장터왕족발, 청주시 흥덕구 복대로190번길 3 (복대동 (1층)),043-233-5399,36.6335444,127.4410179,https://store.naver.com/restaurants/detail?id=20109956,"29,000",족발 보쌈,,,,,,
19,일반음식점,복대포차,충청북도 청주시 흥덕구 복대2동 1110,043-264-2255,36.6293197,127.4437308,https://store.naver.com/restaurants/detail?id=1775757268,"7,000",한식,,,,,,
20,일반음식점,오점오닭갈비전문점,청주시 흥덕구 가경로127번길 3  1층 (가경동),043-293-9639,36.626379,127.4369965,https://store.naver.com/restaurants/detail?id=1775757268,"10,000",닭갈비 닭발,,,,,,
21,일반음식점,이모네칼국수, 청주시 흥덕구 월명로 42 (봉명동  (1층)),043-271-4390,36.6155889,127.5001434,https://store.naver.com/restaurants/detail?id=32031380,"5,000",칼국수,,,,,,
22,일반음식점,떡두리,청주시 흥덕구 가경로149번길 3 (가경동  (1층)),043-231-7407,36.6282495,127.4350101,https://store.naver.com/restaurants/detail?id=1923202710,"3,000",떡볶이 튀김 순대 오뎅,,,,,,
23,일반음식점,소호오목점, 청주시 흥덕구 성봉로 307  1층 (복대동),070-8995-9996,36.6321038,127.4521663,https://store.naver.com/restaurants/detail?id=1240376021,"4,000",마라탕,,,,,,
24,일반음식점,이화, 청주시 흥덕구 복대로 122  1층 (복대동),043-235-8743,36.6273651,127.4390541,https://store.naver.com/restaurants/detail?id=1028480019,"35,000",매운탕 해물탕,,,,,,
25,일반음식점,오빠가찜한닭, 청주시 흥덕구 신율로90번길 2  1층 (복대동),043-265-5888,36.6280706,127.4470842,https://store.naver.com/restaurants/detail?id=35011498,"18,000",치킨 닭강정,,,,,,
26,일반음식점,토종흑돼지식당, 청주시 흥덕구 내수동로12번길 6  2층 4호 (복대동  효성아파트상가),043-275-2535,36.6280693,127.431715,https://store.naver.com/restaurants/detail?id=1273326838,"12,000",삼겹살 갈비,,,,,,
27,일반음식점,빅스타피자, 청주시 흥덕구 충대로 10  1층 (복대동),0504-358-7439,36.6280667,127.4316292,https://store.naver.com/restaurants/detail?id=35853824,"17,900",피자 오븐스파게티,,,,,,
28,일반음식점,동북양꼬치, 청주시 흥덕구 충대로 11  2층 (복대동),070-7778-6658,36.6320681,127.4466203,https://store.naver.com/restaurants/detail?id=1692856759,"18,000",양꼬치,,,,,,
29,일반음식점,쭈당 가경복대점, 청주시 흥덕구 복대로 136-1 (복대동),031-231-5585,36.6285535,127.439008,https://store.naver.com/restaurants/detail?id=79094206,"16,000",포장마자,,,,,,
30,일반음식점,자매김밥, 청주시 흥덕구 풍산로128번길 26-1  1층 (복대동),043-233-1230,36.7137588,127.162101,https://store.naver.com/restaurants/detail?id=37190258,"2,000",김밥,,,,,,
31,일반음식점,이쉐프참치두툼막회, 청주시 흥덕구 복대로 94  108 109호 (복대동  형석아파트 상가동),043-237-1114,36.6254224,127.4425278,https://store.naver.com/restaurants/detail?id=1938858477&tab=menu#_tab,"75,000",다랑어 ,,,,,,
32,일반음식점,맛잇겟쥬, 청주시 흥덕구 봉명로205번길 52  1층 (봉명동),043-263-1002,36.6419524,127.4625138,https://store.naver.com/restaurants/detail?id=1215918510,"4,000",분식,,,,,,
33,일반음식점,그랑카페, 청주시 흥덕구 봉명로227번길 6  1층 (봉명동),043-266-0195,36.6419511,127.4471446,https://store.naver.com/restaurants/detail?id=753675542,"3,000",카페 디저트,,,,,,
34,일반음식점,장터열통닭,충청북도 청주시 흥덕구 복대2동 1632,043-274-1092,36.6313602,127.4519744,"https://www.google.com/maps/place/%EC%9E%A5%ED%84%B0%EC%97%B4%ED%86%B5%EB%8B%AD%EC%B6%A9%EB%8C%801%ED%98%B8%EC%A0%90/@36.6322958,127.4523663,15z/data=!4m2!3m1!1s0x0:0xf4ff2d9ad6b277d4?sa=X&ved=2ahUKEwiRjMjClNTpAhXOfXAKHSeqD20Q_BIwE3oECBAQCA","19,000",치킨 통닭,,,,,,
35,일반음식점,골목대장몽실이비어, 청주시 흥덕구 봉명로 159  2층 (봉명동),043-522-6910,37.0682181,126.679173,https://store.naver.com/restaurants/detail?id=1227831072,"8,000",감자튀김 소시지,,,,,,
36,일반음식점,인호네신닭발&통닭, 청주시 흥덕구 가경로 177-3  1층 (가경동),043-234-1121,36.6304142,127.4337803,https://store.naver.com/restaurants/detail?id=36297283,"6,000",닭발 ,,,,,,
37,일반음식점,맘스터치복대점, 청주시 흥덕구 복대로 138-1  1층 (복대동),043-908-8007,36.6286804,127.4390104,https://store.naver.com/restaurants/detail?id=38563251,"17,000",치킨,,,,,,
38,일반음식점,123중화요리, 청주시 흥덕구 충대로 5  2층 (복대동),043-234-1121,36.6292532,127.4546963,https://store.naver.com/restaurants/detail?id=1841267558,"6,000",짜장면 짬봉,,,,,,
39,일반음식점,치킨이닭, 청주시 흥덕구 봉명로 229  1층 (봉명동),043-903-7722,36.6399405,127.4599405,https://store.naver.com/restaurants/detail?id=1335053496,"18,000",치킨,,,,,,
40,일반음식점,피자나라치킨공주,청주시 흥덕구 풍산로109번길 16,050-7416-4746,36.6298963,127.4399639,https://store.naver.com/restaurants/detail?id=13422211,"13,900",치킨 피자,,,,,,
41,일반음식점,전집포장마차,청주시 흥덕구 복대동 1444번지 1층 청주시 충청북도 KR,043-236-8111,36.6286661,127.4440103,https://store.naver.com/restaurants/detail?id=1025775408,5000,전 빈대떡,,,,,,
42,일반음식점,치킨더홈 복대점, 청주시 흥덕구 복대로190번길 90  1층 (복대동),043-233-9977,36.6344046,127.4435499,https://store.naver.com/restaurants/detail?entry=plt&id=509297796&query=%EC%B9%98%ED%82%A8%EB%8D%94%ED%99%88%20%EC%B2%AD%EC%A3%BC%EB%B3%B5%EB%8C%80%EC%A0%90,"18,000",치킨,,,,,,
43,일반음식점,햇살머믄꼬마김밥가경점, 청주시 흥덕구 가경로 96  111동 109호 (가경동  삼일아파트 상가),043-237-2244,36.6240788,127.4387502,https://store.naver.com/restaurants/detail?id=775089601,"5,000",김밥,,,,,,
44,일반음식점,탕화쿵푸, 청주시 흥덕구 충대로 12  1층 (복대동),010-7668-8567,36.9581114,126.5525564,https://store.naver.com/restaurants/detail?id=1741811314,"3,000",마라탕 ,,,,,,
45,일반음식점,노여사대구뽈찜, 청주시 흥덕구 천석로65번길 17  1층 (봉명동),043-260-5242,36.641027,127.4623379,https://store.naver.com/restaurants/detail?id=1102735143,"48,000",아귀찜 해물찜,,,,,,
46,일반음식점,노세노세포차, 청주시 흥덕구 월명로 36  1층 일부호 (봉명동),043-267-3021,36.6378875,127.4514858,http://localmap.co.kr/web/splus/kmap/view.php?sigun=6430000&gugun=5710000&keyno=113&keyname=%EB%85%B8%EC%84%B8%EB%85%B8%EC%84%B8%ED%8F%AC%EC%B0%A8,"9,000",포장마차,,,,,,
47,일반음식점,홍짜장, 청주시 흥덕구 가경로 9-9  1층 104호 (가경동  그린프라자),043-236-2003,36.6292439,127.435592,https://store.naver.com/restaurants/detail?id=1678889926,"6,000",짜장 탕수육,,,,,,
48,일반음식점,호(好), 청주시 흥덕구 내수동로 63  2층 (복대동),010-6714-7333,36.6327769,127.4522945,https://store.naver.com/restaurants/detail?id=1912755437,"15,000",마라탕 중국퓨전요리,,,,,,
49,일반음식점,새금강밀면, 청주시 흥덕구 풍산로 104 (복대동),043-232-1189,36.6290482,127.4391828,https://store.naver.com/restaurants/detail?id=1113275120,"3,000",국수 돈까스,,,,,,
50,일반음식점,유로코 피자, 청주시 흥덕구 봉명로142번길 11 (봉명동),043-272-1828,36.6399507,127.4472009,https://store.naver.com/restaurants/detail?id=1028202351,"20,900",피자,,,,,,
51,일반음식점,치킨나라, 청주시 흥덕구 가경로 140  지하1층 9호 (가경동),,,,,,,,,,,,
52,일반음식점,밸런스(balance), 청주시 흥덕구 내수동로 61-3  1층 (복대동),,,,,,,,,,,,
53,일반음식점,전집포장마차, 청주시 흥덕구 풍산로 147  1층 (복대동),,,,,,,,,,,,
54,일반음식점,치킨더홈 복대점, 청주시 흥덕구 복대로190번길 90  1층 (복대동),,,,,,,,,,,,
55,일반음식점,그녀들의 식탁, 청주시 흥덕구 충대로14번길 4  1층 (복대동),,,,,,,,,,,,
56,일반음식점,햇살머믄꼬마김밥가경점, 청주시 흥덕구 가경로 96  111동 109호 (가경동  삼일아파트 상가),,,,,,,,,,,,
57,일반음식점,탕화쿵푸, 청주시 흥덕구 충대로 12  1층 (복대동),,,,,,,,,,,,
58,일반음식점,노여사대구뽈찜, 청주시 흥덕구 천석로65번길 17  1층 (봉명동),,,,,,,,,,,,
59,일반음식점,노세노세포차, 청주시 흥덕구 월명로 36  1층 일부호 (봉명동),,,,,,,,,,,,
60,일반음식점,김밥은, 청주시 흥덕구 성봉로 227-1  1층 일부호 (복대동),,,,,,,,,,,,
61,일반음식점,83슈퍼(팔삼슈퍼), 청주시 흥덕구 풍산로 131  1층 일부호 (복대동),,,,,,,,,,,,
62,일반음식점,홍짜장, 청주시 흥덕구 가경로 9-9  1층 104호 (가경동  그린프라자),,,,,,,,,,,,
63,일반음식점,호(好), 청주시 흥덕구 내수동로 63  2층 (복대동),,,,,,,,,,,,
64,일반음식점,새금강밀면, 청주시 흥덕구 풍산로 104 (복대동),,,,,,,,,,,,
65,일반음식점,클리플러, 청주시 흥덕구 봉명로 209  1층 101호 (봉명동),,,,,,,,,,,,
66,일반음식점,유로코 피자, 청주시 흥덕구 봉명로142번길 11 (봉명동),,,,,,,,,,,,
67,일반음식점,미스터, 청주시 흥덕구 성봉로 223-1  1층 (복대동),,,,,,,,,,,,
68,일반음식점,이것이 찜닭이다, 청주시 흥덕구 풍산로128번길 18-2  산신암 1층 (복대동),,,,,,,,,,,,
69,일반음식점,다인식당, 청주시 흥덕구 성봉로275번길 42-1  지하층 (복대동),,,,,,,,,,,,
70,일반음식점,열혈분식 청주, 청주시 흥덕구 복대로158번길 22  1층 (복대동),,,,,,,,,,,,
71,일반음식점,왕천파닭복대점, 청주시 흥덕구 복대로 112  1층 3~4호 (복대동),,,,,,,,,,,,
72,일반음식점,기차역, 청주시 흥덕구 봉명로149번길 40  1층 (봉명동),,,,,,,,,,,,
73,일반음식점,김민재감자탕, 청주시 흥덕구 풍산로156번길 3  1층 (복대동),,,,,,,,,,,,
74,일반음식점,서가수제돈까스, 청주시 흥덕구 복대로 143  덕일아파트상가 아 1층 108호 (복대동),,,,,,,,,,,,
75,일반음식점,로뎀나무, 청주시 흥덕구 월명로 9  1층 (복대동),,,,,,,,,,,,
76,일반음식점,79대포 청주가경덕일점, 청주시 흥덕구 가경로 88  15동 1층 105호 (가경동),,,,,,,,,,,,
77,일반음식점,달콤한 힐링, 청주시 흥덕구 복대로118번길 16  9동 1층 105호 (복대동  삼일아파트),,,,,,,,,,,,
78,일반음식점,맛있는밥 한끼 , 청주시 흥덕구 내수동로34번길 17  대덕옵틱청주지점 1층 (복대동),,,,,,,,,,,,
79,일반음식점,엽이네, 청주시 흥덕구 복대로146번길 48  1층 (복대동),,,,,,,,,,,,
80,일반음식점,먹쇠, 청주시 흥덕구 봉명로227번길 21  1층 (봉명동),,,,,,,,,,,,
81,일반음식점,꼬마김밥나라, 청주시 흥덕구 가경로 158  상가14동 1층 108호 (가경동  형석1차아파트),,,,,,,,,,,,
82,일반음식점,카페노네임(Cafe no name), 청주시 흥덕구 충대로 10  1층 (복대동),,,,,,,,,,,,
83,일반음식점,어썸피자(awesome pizza), 청주시 흥덕구 천석로 76  1층 (봉명동),,,,,,,,,,,,
84,일반음식점,경성술집 가경점, 청주시 흥덕구 가경로 88  15동 102호 (가경동),,,,,,,,,,,,
85,일반음식점,홈베이커리(Home Bakery), 청주시 흥덕구 봉명로 146  1층 (봉명동),,,,,,,,,,,,
86,일반음식점,카페프라이드(Cafe PRIDE), 청주시 흥덕구 봉명로 223  3층 (봉명동),,,,,,,,,,,,
87,일반음식점,러브로코 인 수아몽, 청주시 흥덕구 천석로77번길 8  101호 (봉명동),,,,,,,,,,,,
88,일반음식점,풀잎한식뷔페, 청주시 흥덕구 복대로190번길 81  1층 (복대동),,,,,,,,,,,,
89,일반음식점,오징어회포차, 청주시 흥덕구 내수동로 41  1층 (복대동),,,,,,,,,,,,
90,일반음식점,란데유, 청주시 흥덕구 봉명로 120-1  1층 (봉명동),,,,,,,,,,,,
91,일반음식점,장터, 청주시 흥덕구 복대로146번길 57  1층 (복대동),,,,,,,,,,,,
92,일반음식점,맛들의축제, 청주시 흥덕구 신율로 160  1층 2호 (복대동),,,,,,,,,,,,
93,일반음식점,엠(M)이다, 청주시 흥덕구 충대로 4  101동 101호 (복대동),,,,,,,,,,,,
94,일반음식점,핫오리, 청주시 흥덕구 성봉로 299  1층 (복대동),,,,,,,,,,,,
95,일반음식점,청년피자, 청주시 흥덕구 신율로 117  1층 (복대동),,,,,,,,,,,,
96,일반음식점,가야칡냉면, 청주시 흥덕구 풍산로133번길 27  1층 (복대동),,,,,,,,,,,,
97,일반음식점,이모네국수, 청주시 흥덕구 복대로146번길 82  1층 (복대동),,,,,,,,,,,,
98,일반음식점,대박포차, 청주시 흥덕구 월명로 3  1층 (복대동),,,,,,,,,,,,
99,일반음식점,꿀규네낙곱새, 청주시 흥덕구 성봉로 245-1 (복대동),,,,,,,,,,,,
100,일반음식점,고래고래, 청주시 흥덕구 풍산로137번길 3  1층 (복대동),,,,,,,,,,,,
101,일반음식점,카멜앤메이(Camel & May), 청주시 흥덕구 성봉로 267  1층 (복대동),,,,,,,,,,,,
102,일반음식점,Master's (마스터스), 청주시 흥덕구 봉명로 150  1층 (봉명동),,,,,,,,,,,,
103,일반음식점,엄지닭발포차 153, 청주시 흥덕구 천석로 50  1층 (봉명동),,,,,,,,,,,,
104,일반음식점,느낌짬뽕, 청주시 흥덕구 풍산로128번길 39  1층 (복대동),,,,,,,,,,,,
105,일반음식점,전도팔고밥도팔고, 청주시 흥덕구 내수동로12번길 6  2층 2호 (복대동  효성아파트),,,,,,,,,,,,
106,일반음식점,사골먹은감자탕, 청주시 흥덕구 가경로 155-1  1층 (가경동),,,,,,,,,,,,
107,일반음식점,떡뽀킹 충북대점, 청주시 흥덕구 성봉로 281  1층 (복대동),,,,,,,,,,,,
108,일반음식점,시그니처피자 청주2호점, 청주시 흥덕구 풍산로118번길 28-2  1층 (복대동),,,,,,,,,,,,
109,일반음식점,토박이 무쇠가마솥 닭강정, 청주시 흥덕구 가경로149번길 16-2  1층 일부호 (가경동),,,,,,,,,,,,
110,일반음식점,자담치킨 가경점, 청주시 흥덕구 가경로 180  신라아파트 1동 1층 101호 (가경동),,,,,,,,,,,,
111,일반음식점,달코미, 청주시 흥덕구 천석로 73  1층 13호 (봉명동  봉명상가아파트),,,,,,,,,,,,
112,일반음식점,싱글라이프, 청주시 흥덕구 장구봉로 139  1층 (복대동),,,,,,,,,,,,
113,일반음식점,멜니짜, 청주시 흥덕구 월명로13번길 10-1 (주)새한필터 1층 (복대동),,,,,,,,,,,,
114,일반음식점,뉴욕찜닭&닭도리탕, 청주시 흥덕구 천석로35번길 9  1층 (봉명동),,,,,,,,,,,,
115,일반음식점,그래그래피자떡볶이, 청주시 흥덕구 봉명로 117-2  1층 (봉명동),,,,,,,,,,,,
116,일반음식점,진미명가, 청주시 흥덕구 가경로173번길 10  1층 (가경동),,,,,,,,,,,,
117,일반음식점,커피앤, 청주시 흥덕구 충대로13번길 51  1층 (복대동),,,,,,,,,,,,
118,일반음식점,감성키친, 청주시 흥덕구 성봉로 255  1층 (복대동),,,,,,,,,,,,
119,일반음식점,존가네(청주점), 청주시 흥덕구 월명로32번길 3  1층 (봉명동),,,,,,,,,,,,
120,일반음식점,흥일생고기전문점, 청주시 흥덕구 봉명로 120 (봉명동),,,,,,,,,,,,
121,일반음식점,청미옥, 청주시 흥덕구 성봉로 229 (복대동),,,,,,,,,,,,
122,일반음식점,술애방, 청주시 흥덕구 풍산로 118  1층 일부호 (복대동),    043- 236-9289,,,,,,,,,,,
123,일반음식점,허가네 돼지갈비, 청주시 흥덕구 복대로 218 (복대동 외 1필지(1층)),    043- 238-1117,,,,,,,,,,,
124,일반음식점,맛있는밥상, 청주시 흥덕구 풍산로118번길 14-1  1층 (복대동),    043- 258-0204,,,,,,,,,,,
125,일반음식점,성미식당, 청주시 흥덕구 월명로 46 (봉명동),    043- 264-0011,,,,,,,,,,,
126,일반음식점,호야식당, 청주시 흥덕구 성봉로 277 (복대동 (1층)),    043- 264-2291,,,,,,,,,,,
127,일반음식점,전주식당, 청주시 흥덕구 내수동로12번길 6  효성아파트상가동 1층 4호 (복대동),    043- 267-0478,,,,,,,,,,,
128,일반음식점,서당골에가면, 청주시 흥덕구 내수동로55번길 10-4 (복대동 외 2필지(1층)),    043- 268-5294,,,,,,,,,,,
129,일반음식점,전설의불닭, 청주시 흥덕구 내수동로42번길 8 (복대동 (1층)),    043- 277-9233,,,,,,,,,,,
130,일반음식점,송도횟집, 청주시 흥덕구 복대로 106  삼일아파트상가동 1층 2호 (복대동), 043- 225-3989,,,,,,,,,,,
131,일반음식점,몰리라이브, 청주시 흥덕구 가경로173번길 6 (가경동 (지하1층)), 043- 231-0877,,,,,,,,,,,
132,일반음식점,황금돼지, 청주시 흥덕구 신율로111번길 52 (복대동 (1층)), 043- 231-2048,,,,,,,,,,,
133,일반음식점,힐링호프, 청주시 흥덕구 신율로 121 (복대동), 043- 231-5792,,,,,,,,,,,
134,일반음식점,체로키돈가스가경본점, 청주시 흥덕구 가경로189번길 7-1 (가경동), 043- 232-0629,,,,,,,,,,,
135,일반음식점,임실치즈피자, 청주시 흥덕구 복대로 94  1층 (복대동  형석아파트상가동111 112 113호), 043- 232-0987,36.6252178,127.4408985,https://search.naver.com/search.naver?sm=tab_hty.top&where=nexearch&query=%EC%B2%AD%EC%A3%BC %ED%9D%A5%EB%8D%95%EA%B5%AC %EC%9E%84%EC%8B%A4%EC%B9%98%EC%A6%88%ED%94%BC%EC%9E%90&oquery=%EC%B2%AD%EC%A3%BC %EC%B2%B4%EB%A1%9C%ED%82%A4%EB%8F%88%EA%B9%8C%EC%8A%A4&tqi=Uq%2FxalprvTVsskvSUOVssssssFN-371966,30000,피자 오븐스파게티,,,,,,
136,일반음식점,옛날밥집, 청주시 흥덕구 풍산로109번길 13 (복대동 (1층)), 043- 232-2242,,,,,,,,,,,
137,일반음식점,뺑이콩나물, 청주시 흥덕구 복대로 207 (복대동 (1층)), 043- 232-4336,36.6349496,127.4383304,https://search.naver.com/search.naver?sm=tab_hty.top&where=nexearch&query=%EB%BA%91%EC%9D%B4%EC%BD%A9%EB%82%98%EB%AC%BC&oquery=%EC%B2%AD%EC%A3%BC %ED%9D%A5%EB%8D%95%EA%B5%AC %EC%9E%84%EC%8B%A4%EC%B9%98%EC%A6%88%ED%94%BC%EC%9E%90&tqi=Uq%2FymwprvmsssfIdCv4ssssstG4-383463,8000,닭도리탕 콩나물해장국 오징어볶음 제육볶음 파전,,,,,,
138,일반음식점,빼돌린뒷고기, 청주시 흥덕구 풍산로 121-1 (복대동 (1층)), 043- 232-4800,36.6293532,127.4412321,,7000,뒷고기 뽈살 막창,,,,,,
139,일반음식점,태성순대촌, 청주시 흥덕구 복대로146번길 5-10 (복대동), 043- 232-5283,,,,,,,,,,,
140,일반음식점,영상식당, 청주시 흥덕구 풍산로 114 (복대동 (1층)), 043- 232-8005,,,,,,,,,,,
141,일반음식점,서부의사나이, 청주시 흥덕구 풍산로 105 (복대동), 043- 232-9555,ㅁ,,,,,,,,,,
142,일반음식점,우왕우, 청주시 흥덕구 복대로200번길 4 (복대동), 043- 232-9592,ㅁ,,,,,,,,,,
143,일반음식점,두툼이생고기, 청주시 흥덕구 복대로 130-1 (복대동 (1층)), 043- 233-0088,36.6280433,127.4390143,https://search.naver.com/search.naver?sm=tab_hty.top&where=nexearch&query=%EC%B2%AD%EC%A3%BC %EB%91%90%ED%88%BC%EC%9D%B4%EC%83%9D%EA%B3%A0%EA%B8%B0&oquery=%EC%B2%AD%EC%A3%BC %EC%84%9C%EB%B6%80%EC%9D%98%EC%82%AC%EB%82%98%EC%9D%B4&tqi=Uq%2F16sp0YiRssn1AP%2FGsssssttN-035510,12000,생삼겹살 항정살 우삼겹 양념불고기,,,,,,
144,일반음식점,맥시칸치킨, 청주시 흥덕구 가경로161번길 8-2 (가경동), 043- 233-2119,36.6290569,127.4339944,http://www.mexican.co.kr/2020/inner.php?sMenu=main,18000,치킨,,,,,,
145,일반음식점,장군김밥, 청주시 흥덕구 가경로 123 (가경동 (1층)), 043- 233-3036,36.6259128,127.4355659,https://search.naver.com/search.naver?sm=tab_hty.top&where=nexearch&query=%EC%B2%AD%EC%A3%BC %EC%9E%A5%EA%B5%B0%EA%B9%80%EB%B0%A5&oquery=%EB%A7%A5%EC%8B%9C%EC%B9%B8%EC%B9%98%ED%82%A8 %EB%A9%94%EB%89%B4 %EA%B0%80%EA%B2%A9&tqi=Uq%2F2Ssp0Yidssh70XD0ssssstLG-149714,5000,김밥 돈까스 라면 잔치국수 김치찌개 육개장,,,,,,
146,일반음식점,청주함흥면옥, 청주시 흥덕구 복대로 191  1층 (복대동), 043- 233-3551,36.6336438,127.4383533,https://search.naver.com/search.naver?sm=tab_hty.top&where=nexearch&query=%EC%B2%AD%EC%A3%BC %EC%B2%AD%EC%A3%BC%ED%95%A8%ED%9D%A5%EB%A9%B4%EC%98%A5&oquery=%EC%B2%AD%EC%A3%BC %EC%9E%A5%EA%B5%B0%EA%B9%80%EB%B0%A5&tqi=Uq%2F2Edp0YidsshWsQFRssssst4C-335801,10000,육회 돼지갈비 삼겹살 회냉면 냉면,,,,,,
147,일반음식점,명동김밥, 청주시 흥덕구 가경로 9-6 (가경동 (1층)), 043- 233-3883,36.6168613,127.4411822,https://search.naver.com/search.naver?sm=tab_hty.top&where=nexearch&query=%EC%B2%AD%EC%A3%BC %EB%AA%85%EB%8F%99%EA%B9%80%EB%B0%A5&oquery=%EC%B2%AD%EC%A3%BC %EC%B2%AD%EC%A3%BC%ED%95%A8%ED%9D%A5%EB%A9%B4%EC%98%A5&tqi=Uq%2F28sp0Jy0ss46aA4Gssssstpd-323124,4000,김밥 라면 올갱이국 김치찌개 된장찌개,,,,,,
148,일반음식점,복대순대, 청주시 흥덕구 풍산로 112 (복대동 (1층)), 043- 233-3886,36.6290721,127.4401071,https://search.naver.com/search.naver?sm=tab_hty.top&where=nexearch&query=%EC%B2%AD%EC%A3%BC %EB%B3%B5%EB%8C%80%EC%88%9C%EB%8C%80&oquery=%EC%B2%AD%EC%A3%BC %EB%AA%85%EB%8F%99%EA%B9%80%EB%B0%A5&tqi=Uq%2F3dsp0YiRssUTzuThssssstwd-098675,7000,국밥 술국 순대 머리고기,,,,,,
149,일반음식점,먹는족족, 청주시 흥덕구 가경로 179 (가경동 1층), 043- 233-5768,36.6307915,127.433955,https://search.naver.com/search.naver?sm=tab_hty.top&where=nexearch&query=%EC%B2%AD%EC%A3%BC %EB%A8%B9%EB%8A%94%EC%A1%B1%EC%A1%B1&oquery=%EC%B2%AD%EC%A3%BC %EB%B3%B5%EB%8C%80%EC%88%9C%EB%8C%80&tqi=Uq%2F3mwp0JywssLutEt0ssssstQ0-278808,30000,족발 보쌈,,,,,,
150,일반음식점,내고향왕족발 , 청주시 흥덕구 가경로 151 (가경동), 043- 233-5800,36.6283587,127.434619,https://search.naver.com/search.naver?sm=tab_hty.top&where=nexearch&query=%EC%B2%AD%EC%A3%BC %EB%82%B4%EA%B3%A0%ED%96%A5%EC%99%95%EC%A1%B1%EB%B0%9C &oquery=%EC%B2%AD%EC%A3%BC %EB%A8%B9%EB%8A%94%EC%A1%B1%EC%A1%B1&tqi=Uq%2F30wp0Jy0ss4ZSe28ssssssUG-442333,26000,족발 쟁반국수,,,,,,
151,일반음식점,페리카나치킨복대점, 청주시 흥덕구 복대로199번길 3 (복대동 (1층)), 043- 233-6991,36.634228,127.4383848,https://www.pelicana.co.kr/main.html,18000,치킨,,,,,,
152,일반음식점,웰빙타운7080, 청주시 흥덕구 가경로 115 (가경동 외 1필지(1층)), 043- 233-7082,36.625066,127.436197,https://search.naver.com/search.naver?sm=tab_hty.top&where=nexearch&query=%EC%B2%AD%EC%A3%BC %EC%9B%B0%EB%B9%99%ED%83%80%EC%9A%B47080&oquery=%ED%8E%98%EB%A6%AC%EC%B9%B4%EB%82%98%EC%B9%98%ED%82%A8 %EA%B0%80%EA%B2%A9&tqi=Uq%2FGwdp0Jy0ss4lB2Whssssst1s-414382,10000,생삽겹살 생목살 족발,,,,,,
153,일반음식점,감탄 떡볶이(가경점), 청주시 흥덕구 가경로 157 (가경동 (1층)), 043- 233-8661,36.6288432,127.4343549,https://search.naver.com/search.naver?sm=tab_hty.top&where=nexearch&query=%EC%B2%AD%EC%A3%BC %EA%B0%90%ED%83%84 %EB%96%A1%EB%B3%B6%EC%9D%B4%28%EA%B0%80%EA%B2%BD%EC%A0%90%29&oquery=%EC%B2%AD%EC%A3%BC %EC%9B%B0%EB%B9%99%ED%83%80%EC%9A%B47080&tqi=Uq%2FG2wp0YidsshE2aW8ssssssys-223397,1500,떡볶이 오뎅 튀김 순대,,,,,,
154,일반음식점,우정포차, 청주시 흥덕구 복대로 106  10동 1층 8호 (복대동  삼일아파트상가), 043- 233-9349,36.6267574,127.4400108,https://search.naver.com/search.naver?sm=tab_hty.top&where=nexearch&query=%EC%B2%AD%EC%A3%BC %EC%9A%B0%EC%A0%95%ED%8F%AC%EC%B0%A8&oquery=%EC%B2%AD%EC%A3%BC %EA%B0%90%ED%83%84 %EB%96%A1%EB%B3%B6%EC%9D%B4%28%EA%B0%80%EA%B2%BD%EC%A0%90%29&tqi=Uq%2FHosp0J1ZssldKGv4ssssssw4-407633,50000,회 매운탕,,,,,,
155,일반음식점,장백산, 청주시 흥덕구 가경로161번길 15-3 (가경동 (1층)), 043- 234-0020,36.6286564,127.4337312,https://search.naver.com/search.naver?sm=tab_hty.top&where=nexearch&query=%EC%B2%AD%EC%A3%BC %EC%9E%A5%EB%B0%B1%EC%82%B0&oquery=%EC%B2%AD%EC%A3%BC %EC%9A%B0%EC%A0%95%ED%8F%AC%EC%B0%A8&tqi=Uq%2FHowp0J1ZssQ2Kf44ssssss%2F4-379869,15000,탕수육 짜장면 짬뽕 유산슬 팔보채 난자완스 깐쇼새우 고추잡채,,,,,,
156,일반음식점,팝핑컵, 청주시 흥덕구 신율로 115 (복대동 (1층)), 043- 234-1123,,,,,,,,,,,
157,일반음식점,꿈의대화, 청주시 흥덕구 풍산로 129 (복대동 (1층)), 043- 234-1365,,,,,,,,,,,
158,일반음식점,집밥, 청주시 흥덕구 복대로146번길 25-5 (복대동 (1층)), 043- 234-1537,,,,,,,,,,,
159,일반음식점,세븐(7), 청주시 흥덕구 복대로158번길 7 (복대동), 043- 234-2665,,,,,,,,,,,
160,일반음식점,김밥천국, 청주시 흥덕구 복대로219번길 59-2 (복대동 (1층)), 043- 234-3129,36.6360062,127.4349737,https://search.naver.com/search.naver?sm=tab_hty.top&where=nexearch&query=%EC%B2%AD%EC%A3%BC %EB%B3%B5%EB%8C%80%EB%8F%99 %EA%B9%80%EB%B0%A5%EC%B2%9C%EA%B5%AD&oquery=%EC%B2%AD%EC%A3%BC %EA%B9%80%EB%B0%A5%EC%B2%9C%EA%B5%AD&tqi=Uq%2FIjwp0J1sssUrgRNRssssst78-030795,3000,김밥 참치볶음밥 순두부찌개 비빔밥 오므라이스 육개장 돈까스 된장찌개,,,,,,
161,일반음식점,페리카나치킨가경점, 청주시 흥덕구 풍산로 103 (복대동), 043- 234-4420,36.634228,127.4383848,https://www.pelicana.co.kr/main.html,18000,치킨,,,,,,
162,일반음식점,육류일번지, 청주시 흥덕구 풍산로118번길 13-2 (복대동 (1층)), 043- 234-4474,36.6285247,127.4407976,https://search.naver.com/search.naver?sm=tab_hty.top&where=nexearch&query=%EC%B2%AD%EC%A3%BC %EC%9C%A1%EB%A5%98%EC%9D%BC%EB%B2%88%EC%A7%80&oquery=%EC%B2%AD%EC%A3%BC %EB%B3%B5%EB%8C%80%EB%8F%99 %EA%B9%80%EB%B0%A5%EC%B2%9C%EA%B5%AD&tqi=Uq%2FINlp0YiRssUeiD2KssssstMV-236112,11000,생삼겹살 생목살 항지살 차돌박이,,,,,,
163,일반음식점,광해  Pub, 청주시 흥덕구 가경로 9-9 (가경동 (106  107  108호)), 043- 234-5051,36.6162877,127.4410902,https://search.naver.com/search.naver?sm=tab_hty.top&where=nexearch&query=%EC%B2%AD%EC%A3%BC %EA%B4%91%ED%95%B4  Pub&oquery=%EC%B2%AD%EC%A3%BC %EC%9C%A1%EB%A5%98%EC%9D%BC%EB%B2%88%EC%A7%80&tqi=Uq%2FJtdp0J1sssUqUncKssssssTN-310994,15000,생맥주 육포 나쵸 감자튀김 치킨샐러드 소시지 새우튀김 닭발,,,,,,
164,일반음식점,성가네식당, 청주시 흥덕구 복대로219번길 59-1 (복대동 (1층)), 043- 234-5827,,,,,,,,,,,
165,일반음식점,원앙분식, 청주시 흥덕구 가경로161번길 7-2 (가경동), 043- 234-6166,,,,,,,,,,,
166,일반음식점,아바이순대, 청주시 흥덕구 풍산로109번길 10 (복대동 (1층)), 043- 234-6877,,,,,,,,,,,
167,일반음식점,곤지암소머리국밥, 청주시 흥덕구 복대로 187 (복대동), 043- 234-6883,,,,,,,,,,,
168,일반음식점,생고기한약돼지숯불구이전문점, 청주시 흥덕구 성봉로 287 (복대동), 043- 234-7219,,,,,,,,,,,
169,일반음식점,팔팔대게수산, 청주시 흥덕구 복대로 102  1층 106 107호 (복대동), 043- 234-7709,,,,,,,,,,,
170,일반음식점,수준이다른치킨 청주점, 청주시 흥덕구 풍산로 137 (복대동 (1층)), 043- 234-8005,,,,,,,,,,,
171,일반음식점,장풍중화요리, 청주시 흥덕구 복대로190번길 3 (복대동 (2층)), 043- 234-8128,,,,,,,,,,,
172,일반음식점,춘천닭갈비, 청주시 흥덕구 풍산로 106 (복대동), 043- 234-8514,,,,,,,,,,,
173,일반음식점,미소김밥, 청주시 흥덕구 가경로149번길 1 (가경동 (1층)), 043- 234-8910,,,,,,,,,,,
174,일반음식점,뚱땡이제주삼다돼지고을, 청주시 흥덕구 복대로158번길 7 (복대동), 043- 234-9462,,,,,,,,,,,
175,일반음식점,순천식당, 청주시 흥덕구 풍산로118번길 5-2 (복대동), 043- 235-0101,,,,,,,,,,,
176,일반음식점,동화나라, 청주시 흥덕구 풍산로 118 (복대동 (1층)), 043- 235-0244,,,,,,,,,,,
177,일반음식점,버거팜스, 청주시 흥덕구 풍산로118번길 27-2 (복대동 (1층)), 043- 235-2223,,,,,,,,,,,
178,일반음식점,옛고을보리밥, 청주시 흥덕구 가경로149번길 8-4 (가경동 (1층)), 043- 235-2908,,,,,,,,,,,
179,일반음식점,술한잔흐트러지게마시자, 청주시 흥덕구 가경로173번길 6 (가경동), 043- 235-3727,,,,,,,,,,,
180,일반음식점,땅끝회마을, 청주시 흥덕구 복대로118번길 16 (복대동  삼일아파트), 043- 235-6554,,,,,,,,,,,
181,일반음식점,장터뼈다귀해장국, 청주시 흥덕구 복대로146번길 5-8 (복대동), 043- 235-5503,,,,,,,,,,,
182,일반음식점,대박식당, 청주시 흥덕구 복대로 194 (복대동), 043- 235-6787,,,,,,,,,,,
183,일반음식점,행복한밥상, 청주시 흥덕구 풍산로118번길 6-1  1층 (복대동), 043- 235-6844,,,,,,,,,,,
184,일반음식점,복대술거리, 청주시 흥덕구 복대로190번길 3 (복대동 (1층)), 043- 235-8694,,,,,,,,,,,
185,일반음식점,허브두마리치킨, 청주시 흥덕구 가경로173번길 24 (가경동 (1층)), 043- 235-8882,,,,,,,,,,,
186,일반음식점,우리집순대, 청주시 흥덕구 복대로219번길 54 (복대동 (1층)), 043- 235-9135,,,,,,,,,,,
187,일반음식점,동화스넥, 청주시 흥덕구 풍산로 14 (가경동), 043- 235-9942,,,,,,,,,,,
188,일반음식점,서울왕만두, 청주시 흥덕구 풍산로 113 (복대동), 043- 236-1122,,,,,,,,,,,
189,일반음식점,용우동, 청주시 흥덕구 가경로 9-8 (가경동 (1층)), 043- 236-2230,,,,,,,,,,,
190,일반음식점,장성, 청주시 흥덕구 복대로158번길 12-1 (복대동), 043- 236-3364,,,,,,,,,,,
191,일반음식점,바다향기, 청주시 흥덕구 신율로 129-1  1층 (복대동), 043- 236-3539,,,,,,,,,,,
192,일반음식점,원님마을, 청주시 흥덕구 복대로200번길 10-1 (복대동), 043- 236-3960,,,,,,,,,,,
193,일반음식점,간이역대원점, 청주시 흥덕구 복대로219번길 59-1 (복대동 (1층)), 043- 236-6235,,,,,,,,,,,
194,일반음식점,달맞이, 청주시 흥덕구 풍년로 87 (가경동 (1층)), 043- 236-7829,,,,,,,,,,,
195,일반음식점,피자나라치킨공주, 청주시 흥덕구 풍산로109번길 16 (복대동 (1층)), 043- 236-9226,,,,,,,,,,,
196,일반음식점,동해루, 청주시 흥덕구 풍산로106번길 10 (복대동 (1층)), 043- 237-3324,,,,,,,,,,,
197,일반음식점,가마솥, 청주시 흥덕구 복대로190번길 28 (복대동), 043- 237-7173,,,,,,,,,,,
198,일반음식점,마산아구찜, 청주시 흥덕구 풍산로 112  1층 (복대동), 043- 237-8003,,,,,,,,,,,
199,일반음식점,평양녹두빈대떡, 청주시 흥덕구 풍산로 122-1 (복대동 (1층)), 043- 237-8784,,,,,,,,,,,
200,일반음식점,보아식당, 청주시 흥덕구 복대로220번길 14 (복대동 외 1필지(1층)), 043- 238-0427,,,,,,,,,,,
201,일반음식점,남해참치&숙성회, 청주시 흥덕구 복대로 132 (복대동  (1층)), 043- 238-1811,,,,,,,,,,,
202,일반음식점,25시해장국, 청주시 흥덕구 가경로 16-8 (가경동 (1층)), 043- 238-5525,,,,,,,,,,,
203,일반음식점,달꾸오레, 청주시 흥덕구 복대로 175 (복대동 외1필지(2층)), 043- 238-8636,,,,,,,,,,,
204,일반음식점,동청쭈꾸미.보쌈, 청주시 흥덕구 서경로16번길 21 (가경동 (1층)), 043- 239-0333,,,,,,,,,,,
205,일반음식점,밀가, 청주시 흥덕구 복대로 225 (복대동), 043- 239-5656,,,,,,,,,,,
206,일반음식점,고향마을, 청주시 흥덕구 봉명로 185  1층 (봉명동), 043- 252-9204,,,,,,,,,,,
207,일반음식점,욱한숯불생갈비, 청주시 흥덕구 내수동로 19 (복대동), 043- 253-8101,,,,,,,,,,,
208,일반음식점,두메골생고기, 청주시 흥덕구 내수동로 13 (복대동 (1층)), 043- 260-6692,,,,,,,,,,,
209,일반음식점,김밥마트, 청주시 흥덕구 충대로 5  1층 (복대동), 043- 262-0054,,,,,,,,,,,
210,일반음식점,탐라생고기, 청주시 흥덕구 충대로14번길 52  1층 (복대동), 043- 262-0187,,,,,,,,,,,
211,일반음식점,치킨맥주&포장마차, 청주시 흥덕구 천석로 52 (봉명동), 043- 262-1854,,,,,,,,,,,
212,일반음식점,켄터베리두마리치킨, 청주시 흥덕구 성봉로 253  1층 (복대동), 043- 262-1950,,,,,,,,,,,
213,일반음식점,고향촌, 청주시 흥덕구 월명로5번길 16 (복대동), 043- 262-3504,,,,,,,,,,,
214,일반음식점,대동양꼬치양다리전문점, 청주시 흥덕구 내수동로42번길 3 (복대동), 043- 262-3531,,,,,,,,,,,
215,일반음식점,백운가든, 청주시 흥덕구 월명로 64 (봉명동), 043- 262-3705,,,,,,,,,,,
216,일반음식점,그린치킨호프 , 청주시 흥덕구 신율로 132 (복대동), 043- 262-4563,,,,,,,,,,,
217,일반음식점,진천장터순대, 청주시 흥덕구 봉명로 231-1 (봉명동), 043- 262-4807,,,,,,,,,,,
218,일반음식점,무교동, 청주시 흥덕구 월명로 25 (봉명동), 043- 263-1795,,,,,,,,,,,
219,일반음식점,옹골진치킨, 청주시 흥덕구 내수동로 65 (복대동), 043- 263-5469,,,,,,,,,,,
220,일반음식점,보쌈당한족발, 청주시 흥덕구 내수동로 38-2 (복대동), 043- 263-8241,,,,,,,,,,,
221,일반음식점,동키치킨, 청주시 흥덕구 성봉로 255 (복대동), 043- 263-9393,,,,,,,,,,,
222,일반음식점,사다리봉명1점, 청주시 흥덕구 봉명로 233 (봉명동), 043- 264-0415,,,,,,,,,,,
223,일반음식점,민비아구찜해물찜, 청주시 흥덕구 성봉로 239 (복대동 (1층)), 043- 264-1663,,,,,,,,,,,
224,일반음식점,일미닭갈비파전, 청주시 흥덕구 충대로 14 (복대동), 043- 264-4287,,,,,,,,,,,
225,일반음식점,영만두식당, 청주시 흥덕구 월명로5번길 73 (복대동), 043- 264-4546,,,,,,,,,,,
226,일반음식점,아우라지해장국, 청주시 흥덕구 내수동로 24 (복대동 (1층-점포5)), 043- 264-4777,,,,,,,,,,,
227,일반음식점,복대갈비촌, 청주시 흥덕구 복대로162번길 7 (복대동), 043- 264-6053,,,,,,,,,,,
228,일반음식점,장수네감자탕, 청주시 흥덕구 봉명로 146 (봉명동 (1층)), 043- 264-7907,,,,,,,,,,,
229,일반음식점,금룡중화요리, 청주시 흥덕구 봉명로 182 (봉명동), 043- 264-9994,,,,,,,,,,,
230,일반음식점,봉명골순대, 청주시 흥덕구 천석로 48 (봉명동 (1층)), 043- 265-0065,,,,,,,,,,,
231,일반음식점,대하암소한마리, 청주시 흥덕구 월명로13번길 74-2 (복대동 외 1필지(2층)), 043- 265-3463,,,,,,,,,,,
232,일반음식점,대하갈비, 청주시 흥덕구 월명로13번길 74-2 (복대동), 043- 265-3705,,,,,,,,,,,
233,일반음식점,간이역, 청주시 흥덕구 내수동로 24 (복대동), 043- 265-5572,,,,,,,,,,,
234,일반음식점,파타야, 청주시 흥덕구 충대로 14-1  2층 (복대동), 043- 265-7942,,,,,,,,,,,
235,일반음식점,정다운수제숯불갈비, 청주시 흥덕구 봉명로 183 (봉명동 (1층)), 043- 266-0670,,,,,,,,,,,
236,일반음식점,미락숯불갈비, 청주시 흥덕구 복대로 207 (복대동), 043- 266-0803,,,,,,,,,,,
237,일반음식점,뚝심, 청주시 흥덕구 봉명로 176 (봉명동 (1층)), 043- 266-2023,,,,,,,,,,,
238,일반음식점,장수영양촌, 청주시 흥덕구 봉명로142번길 3 (봉명동), 043- 266-2156,,,,,,,,,,,
239,일반음식점,종가집, 청주시 흥덕구 내수동로55번길 10-2 (복대동 외 1필지(1층)), 043- 266-2274,,,,,,,,,,,
240,일반음식점,고려숯불생고기전문, 청주시 흥덕구 봉명로 188 (봉명동 (1층)), 043- 266-6682,,,,,,,,,,,
241,일반음식점,처갓집양념치킨(복대점), 청주시 흥덕구 신율로 127  1층 (복대동), 043- 266-8259,,,,,,,,,,,
242,일반음식점,제부도바지락칼국수, 청주시 흥덕구 복대로 219 (복대동), 043- 266-8892,,,,,,,,,,,
243,일반음식점,천날식당, 청주시 흥덕구 풍산로106번길 5-2  1층 (복대동), 043- 266-9333,,,,,,,,,,,
244,일반음식점,순(SOON)생막창, 청주시 흥덕구 내수동로34번길 3 (복대동), 043- 266-9448,,,,,,,,,,,
245,일반음식점,수호프, 청주시 흥덕구 봉명로 233 (봉명동 (1층)), 043- 267-1951,,,,,,,,,,,
246,일반음식점,우리식당 , 청주시 흥덕구 복대로220번길 17-20 (복대동), 043- 267-3083,,,,,,,,,,,
247,일반음식점,두레생고기, 청주시 흥덕구 월명로34번길 3 (봉명동), 043- 267-3710,,,,,,,,,,,
248,일반음식점,삼익세라믹구이, 청주시 흥덕구 내수동로 38-2 (복대동), 043- 267-5319,,,,,,,,,,,
249,일반음식점,아서원, 청주시 흥덕구 신율로 106  1층 (복대동), 043- 267-6293,,,,,,,,,,,
250,일반음식점,한울마루, 청주시 흥덕구 월명로70번길 5 (봉명동 (1층)), 043- 267-6545,36.641059,127.454009,https://store.naver.com/restaurants/detail?id=1029692058,8000,가지찜백반 갈치조림 고등어조림,,,,,,
251,일반음식점,송가네밥집, 청주시 흥덕구 봉명로 206 (봉명동 (1층)), 043- 267-9233,36.639697,127.464453,https://search.naver.com/search.naver?sm=tab_hty.top&where=nexearch&query=%EC%B2%AD%EC%A3%BC %EC%86%A1%EA%B0%80%EB%84%A4%EB%B0%A5%EC%A7%91&oquery=%EC%B2%AD%EC%A3%BC %ED%95%9C%EC%9A%B8%EB%A7%88%EB%A3%A8&tqi=UVXhYsp0JXVssMyt6gCssssss5G-068018,10000,석쇠불고기쌈밥 제육볶음쌈밥 짜글이찌개 황태조림 삼겹살,,,,,,
252,일반음식점,아리산중화요리, 청주시 흥덕구 내수동로 21  A동 1층 (복대동), 043- 268-0713,36.633221,127.449993,https://store.naver.com/restaurants/detail?id=32194621,5000,짜장면 홍합짬뽕 삼선우동,,,,,,
253,일반음식점,엄마닭발, 청주시 흥덕구 내수동로12번길 6 (복대동  효성아파트 1층 10호), 043- 268-2633,36.633522,127.448552,https://store.naver.com/restaurants/detail?id=34201134,14000,매운닭발 간장닭발 누룽지탕,,,,,,
254,일반음식점,장안닭발통닭, 청주시 흥덕구 내수동로 37  1층 (복대동), 043- 268-3212,36.632807,127.451465,https://store.naver.com/restaurants/detail?id=1798288214,14000,국물뼈닭발 무뼈닭발 모듬오뎅탕 치킨 모듬튀김,,,,,,
255,일반음식점,장어나라, 청주시 흥덕구 풍산로 145 (복대동), 043- 268-4177,36.62879,127.445838,https://store.naver.com/restaurants/detail?id=36734207,28000,풍천민물장어구이 갈치조림정식 곤드레돌솥밥 버섯전골,,,,,,
256,일반음식점,남한산성, 청주시 흥덕구 성봉로237번길 1 (복대동), 043- 268-5868,36.626171,127.449515,https://store.naver.com/restaurants/detail?id=17783391,10000,소갈비살 목살 생삼겹살 항정살 돼지갈비 돼지고기,,,,,,
257,일반음식점,장안갈비, 청주시 흥덕구 풍산로 126 (복대동), 043- 268-6118,36.62909,127.443868,https://store.naver.com/restaurants/detail?id=17483685,10000,갈비 삼겹살 냉면,,,,,,
258,일반음식점,골드워터생맥주전문점, 청주시 흥덕구 봉명로 144 (봉명동), 043- 268-6596,,,,,,,,,,,
259,일반음식점,제일식당, 청주시 흥덕구 봉명로219번길 43 (봉명동), 043- 268-7740,36.642296,127.465881,https://search.naver.com/search.naver?sm=tab_hty.top&where=nexearch&query=%EC%B2%AD%EC%A3%BC %EC%A0%9C%EC%9D%BC%EC%8B%9D%EB%8B%B9&oquery=%EC%B2%AD%EC%A3%BC %EA%B3%A8%EB%93%9C%EC%9B%8C%ED%84%B0%EC%83%9D%EB%A7%A5%EC%A3%BC%EC%A0%84%EB%AC%B8%EC%A0%90&tqi=UVXNplprvmsssAGWbpZssssssJl-320692,8000,갈비탕 올갱이해장국 삼겹살 등심,,,,,,
260,일반음식점,명동식당, 청주시 흥덕구 천석로 56 (봉명동 (1층)), 043- 268-8320,,,,,,,,,,,
261,일반음식점,한미식당, 청주시 흥덕구 월명로13번길 49 (복대동), 043- 268-9512,36.63559,127.450404,https://store.naver.com/restaurants/detail?id=38621297,6000,김치찌개백반 된장찌개백반 버섯찌개백반 비빔밥 설렁탕 해장국,,,,,,
262,일반음식점,석천, 청주시 흥덕구 성봉로 289 (복대동), 043- 269-2386,36.630972,127.450855,https://store.naver.com/restaurants/detail?id=17481877,29000,아구해물찜 갈비해물전골 갈비해물찜 대구해물뽈찜,,,,,,
263,일반음식점,행복한밥상, 청주시 흥덕구 성봉로 293  1층 (복대동), 043- 269-3453,36.631151,127.451071,https://store.naver.com/restaurants/detail?id=739486815,6000,백반 닭볶음탕 닭백숙,,,,,,
264,일반음식점,김밥천국, 청주시 흥덕구 복대로 166 (복대동), 043- 271-0088,36.631269,127.441039,https://store.naver.com/restaurants/detail?id=1292294721,2000,김밥 비빔밥 김치찌개 오므라이스 우동,,,,,,
265,일반음식점,둥지마을왕족발, 청주시 흥덕구 내수동로 34 (복대동), 043- 271-0924,36.631934,127.450726,https://store.naver.com/restaurants/detail?entry=plt&id=17484671&query=%EB%91%A5%EC%A7%80%EB%A7%88%EC%9D%84%EC%99%95%EC%A1%B1%EB%B0%9C,29000,족발 감자탕,,,,,,
266,일반음식점,건방진김밥, 청주시 흥덕구 충대로 2 (복대동), 043- 271-1103,36.632732,127.453282,https://store.naver.com/restaurants/detail?id=13290697,2000,김밥 육개장 만두국 우동 설렁탕 도가니탕 제육덮밥 떡볶이,,,,,,
267,일반음식점,강촌괴산매운탕 , 청주시 흥덕구 신율로118번길 26 (복대동), 043- 271-2838,,,,,,,,,,,
268,일반음식점,한가람, 청주시 흥덕구 신율로 168  1층 (복대동), 043- 271-6866,,,,,,,,,,,
269,일반음식점,스트라우스레스토랑, 청주시 흥덕구 내수동로 43 (복대동), 043- 271-7100,,,,,,,,,,,
270,일반음식점,단골호프, 청주시 흥덕구 월명로34번길 3 (봉명동 (1층)), 043- 272-2266,,,,,,,,,,,
271,일반음식점,김밥세상, 청주시 흥덕구 월명로 3 (복대동 (1층)), 043- 272-3026,36.634932,127.453004,https://store.naver.com/restaurants/detail?id=1702400514&tab=photo,1500,김밥 된장찌개 김치찌개 순두부찌개 잔치국수 비빔국수 우동 제육덮밥 오므라이스 오징어덮밥,,,,,,
272,일반음식점,시골식당, 청주시 흥덕구 천석로 73 (봉명동), 043- 272-3644,36.642056,127.465205,https://search.naver.com/search.naver?sm=tab_hty.top&where=nexearch&query=%EC%B2%AD%EC%A3%BC %EC%8B%9C%EA%B3%A8%EC%8B%9D%EB%8B%B9&oquery=%EC%B2%AD%EC%A3%BC %EA%B9%80%EB%B0%A5%EC%84%B8%EC%83%81&tqi=UVXmLsprvmZsskgRpGNssssst3C-074321,8000,동태지리탕 동태탕 오징어볶음 제육볶음,,,,,,
273,일반음식점,지리산, 청주시 흥덕구 성봉로 299 (복대동), 043- 272-3685,36.631524,127.45149,https://store.naver.com/restaurants/detail?id=1678643683,13000,모듬전 두루치기,,,,,,
274,일반음식점,불꽃식당, 청주시 흥덕구 복대로158번길 15 (복대동), 043- 272-4844,,,,,,,,,,,
275,일반음식점,대구전봇대막창, 청주시 흥덕구 내수동로34번길 4 (복대동), 043- 272-7112,36.63257,127.451093,https://store.naver.com/restaurants/detail?id=13013083,12000,생막창 양념생왕갈비 고추장삼겹살 오도독살,,,,,,
276,일반음식점,쩡이네해장국, 청주시 흥덕구 내수동로 25  1층 (복대동), 043- 272-7555,36.633177,127.450352,https://store.naver.com/restaurants/detail?id=1218986814,7000,뼈해장국 얼큰이해장국 황태해장국 감자탕 닭볶음탕,,,,,,
277,일반음식점,황금냄비, 청주시 흥덕구 내수동로 73 (복대동 (1층)), 043- 272-9007,36.633124,127.455537,https://store.naver.com/restaurants/detail?id=17485948,3000,황금냄비 치즈냄비 만두냄비 참치볶음밥 새우볶음밥,,,,,,
278,일반음식점,교동칼국수, 청주시 흥덕구 성봉로 293-1 (복대동 (1층)), 043- 273-0412,36.631266,127.451187,https://store.naver.com/restaurants/detail?id=1988459363,3000,칼국수 떡만두국 바지락칼국수,,,,,,
279,일반음식점,송학식당, 청주시 흥덕구 천석로78번길 21 (봉명동), 043- 273-6601,36.642436,127.46677,https://store.naver.com/restaurants/detail?entry=pll&id=61320756&query=%EC%B2%AD%EC%A3%BC%20%EC%86%A1%ED%95%99%EB%A7%9B%EC%A7%91,12000,생삼겹살 갈매기살 돼지갈비,,,,,,
280,일반음식점,간이역, 청주시 흥덕구 성봉로 225 (복대동), 043- 273-8393,36.625186,127.449622,https://store.naver.com/restaurants/detail?id=298930937,14000,술국 간이역세트,,,,,,
281,일반음식점,엄복, 청주시 흥덕구 내수동로 24 (복대동), 043- 273-9209,36.632998,127.450007,https://store.naver.com/restaurants/detail?id=1611144450,29000,명태조림 명태낙지,,,,,,
282,일반음식점,연탄구이, 청주시 흥덕구 봉명로 226 (봉명동 (1층)), 043- 273-9222,,,,,,,,,,,
283,일반음식점,비키(VIKI), 청주시 흥덕구 월명로 38 (봉명동 (1층)), 043- 274-1116,36.638022,127.453672,https://search.naver.com/search.naver?sm=tab_hty.top&where=nexearch&query=%EC%B2%AD%EC%A3%BC %EB%B9%84%ED%82%A4%28VIKI%29&oquery=%EC%B2%AD%EC%A3%BC %EC%97%B0%ED%83%84%EA%B5%AC%EC%9D%B4&tqi=UVXC%2BwprvOsssFj4TvZssssssaC-470033,3000,러시아빵,,,,,,
284,일반음식점,산수정쌈밥, 청주시 흥덕구 성봉로 243 (복대동), 043- 274-1598,36.626925,127.449689,https://store.naver.com/restaurants/detail?id=17482115,8000,쌈밥정식 짜글이찌개 동태찌개,,,,,,
285,일반음식점,서울생고기마을, 청주시 흥덕구 내수동로 17 (복대동), 043- 274-3216,36.633391,127.449565,https://store.naver.com/restaurants/detail?id=17483870,12000,생삼겹살 항정살 돼지갈비 비빔냉면,,,,,,
286,일반음식점,청주닭발치킨호프, 청주시 흥덕구 봉명로 150 (봉명동), 043- 274-3323,,,,,,,,,,,
287,일반음식점,Sunny돈까스, 청주시 흥덕구 1순환로512번길 21-3 (봉명동 (1층)), 043- 274-5525,36.646703,127.463889,https://store.naver.com/restaurants/detail?id=17497942,7000,돈까스 치즈돈까스 유럽돈까스 생선까스,,,,,,
288,일반음식점,함가네해장국, 청주시 흥덕구 내수동로 13 (복대동), 043- 274-5759,36.633596,127.449087,https://store.naver.com/restaurants/detail?id=32194838,8000,짜글이찌개 닭볶음탕 김지팅 김치뼈찜,,,,,,
289,일반음식점,간이역, 청주시 흥덕구 봉명로 173 (봉명동), 043- 274-6425,,,,,,,,,,,
290,일반음식점,비비큐(복대점), 청주시 흥덕구 신율로90번길 20 (복대동 (1층)), 043- 274-9966,36.62644,127.448034,https://store.naver.com/restaurants/detail?entry=plt&id=11799651&query=BBQ%EC%B2%AD%EC%A3%BC%EB%B3%B5%EB%8C%80%EC%A0%90,18000,치킨,,,,,,
291,일반음식점,유경회수산, 청주시 흥덕구 신율로118번길 1 (복대동), 043- 275-0874,36.628139,127.446582,https://store.naver.com/restaurants/detail?id=1039815199,8000,회덮밥 물회 회정식,,,,,,
292,일반음식점,새마을상회, 청주시 흥덕구 풍산로148번길 3 (복대동), 043- 275-0888,,,,,,,,,,,
293,일반음식점,닭치고, 청주시 흥덕구 복대로118번길 16  11동 1층 5호 (복대동  삼일아파트상가), 043- 275-1143,,,,,,,,,,,
294,일반음식점,정임토속밥상, 청주시 흥덕구 내수동로 10  1층 1호 (복대동  효성아파트상가), 043- 275-3452,,,,,,,,,,,
295,일반음식점,맛좋은집, 청주시 흥덕구 내수동로 38-4  1층 (복대동), 043- 275-3578,,,,,,,,,,,
296,일반음식점,남산골, 청주시 흥덕구 내수동로 33 (복대동), 043- 275-6100,,,,,,,,,,,
297,일반음식점,호아빈, 청주시 흥덕구 내수동로 53 (복대동 (4층)), 043- 276-1011,,,,,,,,,,,
298,일반음식점,허덕식 만두찐빵, 청주시 흥덕구 성봉로 227 (복대동), 043- 276-1547,,,,,,,,,,,
299,일반음식점,본면옥, 청주시 흥덕구 월명로 29 (봉명동 (1층)), 043- 277-5325,,,,,,,,,,,
300,일반음식점,원생고기, 청주시 흥덕구 풍산로170번길 27 (복대동 (1층)), 043- 908-4300,36.62705,127.448595,https://store.naver.com/restaurants/detail?id=1614671197,,돼지고기,,,,,,
301,일반음식점,내가꼬마김밥이다., 청주시 흥덕구 가경로161번길 23-1 (가경동 (1층)), 043-2320-0069,,,,,,,,,,,
302,일반음식점,우렁각시, 청주시 흥덕구 신율로111번길 50 (복대동 (지상1층)), 043-233 -0483,36.6276834,127.4412128,https://store.naver.com/restaurants/detail?id=32194678,7000원,한식,,,,,,
303,일반음식점,친구포차, 청주시 흥덕구 가경로161번길 7-1 (가경동), 043-233 -8292,36.6289106,127.4340849,https://store.naver.com/restaurants/detail?id=17413073,,포장마차,,,,,,
304,일반음식점,촌골닭갈비THE치킨, 청주시 흥덕구 내수동로 32 (복대동 (1층)), 043-263 -7025,36.6326167,127.4486233,https://store.naver.com/restaurants/detail?id=17484255,18900원,닭갈비,,,,,,
305,일반음식점,꿀꿀이장충왕족발보쌈, 청주시 흥덕구 봉명로191번길 15 (봉명동 (1층)), 043-264 -8383,36.6421745,127.4606063,https://store.naver.com/restaurants/detail?id=1466718081,,족발 보쌈,,,,,,
306,일반음식점,처갓집양념치킨, 청주시 흥덕구 봉명로149번길 6 (봉명동 (1층)), 043-265 -9993,36.6397067,127.456166,https://store.naver.com/restaurants/detail?id=38228889,17000원,치킨,,,,,,
307,일반음식점,귀족명가, 청주시 흥덕구 내수동로 37-1 (복대동 (1층)), 043-272 -7112,36.6327907,127.4494215,https://store.naver.com/restaurants/detail?id=32194765,,족발,,,,,,
308,일반음식점,청주대짜배기감자탕, 청주시 흥덕구 내수동로 15  1층 (복대동), 043-272 -8873,36.6334975,127.4471309,https://store.naver.com/restaurants/detail?id=55254125,8000원,뼈해장국,,,,,,
309,일반음식점,쏠래!, 청주시 흥덕구 복대로158번길 11 (복대동 (1층)),042 -236 -7172,,,,,,,,,,,
310,일반음식점,치킨더홈 청주가경점, 청주시 흥덕구 복대로 102  세원아파트 상가동 2층 203호 (복대동),043 - 237-9987,,,,,,,,,,,
311,일반음식점,고향왕족발, 청주시 흥덕구 가경로189번길 25-2  1층 (가경동),043 -222 -3318,,,,,,,,,,,
312,일반음식점,즐거워웃는우리집손만두, 청주시 흥덕구 봉명로227번길 27  1층 (봉명동),043 -222 -9413,,,,,,,,,,,
313,일반음식점,바푸리청주가경점, 청주시 흥덕구 가경로 9-12  1층 102  103호 (가경동  디오스프라자투),043 -231 -0084,,,,,,,,,,,
314,일반음식점,충북송어직판장(복대점), 청주시 흥덕구 복대로 106  상가10동 1층 1호 (복대동),043 -231 -4439,,,,,,,,,,,
315,일반음식점,광릉불고기, 청주시 흥덕구 복대로 235  1층 (복대동),043 -231 -4440,,,,,,,,,,,
316,일반음식점,정원, 청주시 흥덕구 복대로175번길 9-1  1층 (복대동),043 -231 -5433,,,,,,,,,,,
317,일반음식점,야식집, 청주시 흥덕구 신율로111번길 5  1층 (복대동),043 -231 -8392,,,,,,,,,,,
318,일반음식점,복대반점, 청주시 흥덕구 복대로210번길 10-2 (복대동 (1층)),043 -231 -9624,,,,,,,,,,,
319,일반음식점,유정식당, 청주시 흥덕구 복대로 106  9동 1층 2호 (복대동),043 -232 -1350,,,,,,,,,,,
320,일반음식점,오뚜기포차, 청주시 흥덕구 풍산로128번길 29  1층 (복대동),043 -232 -1989,,,,,,,,,,,
321,일반음식점,대복칼국수보리밥, 청주시 흥덕구 복대로 102 (복대동  세원아파트 상가 102호(1층)),043 -232 -5358,,,,,,,,,,,
322,일반음식점,김이네손칼국수, 청주시 흥덕구 풍산로106번길 3  1층 (복대동),043 -232 -6978,,,,,,,,,,,
323,일반음식점,산마루버섯샤브샤브, 청주시 흥덕구 가경로149번길 27  2층 (가경동),043 -232 -7001,,,,,,,,,,,
324,일반음식점,피자꽁떼 복대동점, 청주시 흥덕구 복대로219번길 28 (복대동 외 3필지(1층)),043 -232 -7585,,,,,,,,,,,
325,일반음식점,오작교, 청주시 흥덕구 복대로 126 (복대동 (1층)),043 -232 -8001,,,,,,,,,,,
326,일반음식점,충주식당, 청주시 흥덕구 신율로179번길 80  1층 (복대동),043 -232 -9889,,,,,,,,,,,
327,일반음식점,밥가게, 청주시 흥덕구 풍산로148번길 72  1층 (복대동),043 -232 -9922,,,,,,,,,,,
328,일반음식점,야래향숯불양꼬치, 청주시 흥덕구 풍산로 138-1  1층 (복대동),043 -233 -1108,,,,,,,,,,,
329,일반음식점,복고을해장국, 청주시 흥덕구 풍산로 135  1층 (복대동),043 -233 -1213,,,,,,,,,,,
330,일반음식점,후라이드 참 잘하는집 봉명점, 청주시 흥덕구 천석로46번길 22 (봉명동),043 -233 -1400,,,,,,,,,,,
331,일반음식점,핑크프로이드, 청주시 흥덕구 내수동로34번길 4 (복대동  (2층)),043 -233 -2593,,,,,,,,,,,
332,일반음식점,대화소머리왕곰탕, 청주시 흥덕구 신율로103번길 6  1층 (복대동),043 -233 -3336,,,,,,,,,,,
333,일반음식점,장강, 청주시 흥덕구 신율로103번길 14  1층 (복대동),043 -233 -3393,,,,,,,,,,,
334,일반음식점,청춘명랑치킨, 청주시 흥덕구 복대로 102  1층 101호 (복대동),043 -233 -3730,,,,,,,,,,,
335,일반음식점,명과일, 청주시 흥덕구 가경로189번길 25-3 (가경동  (1층)),043 -233 -3999,,,,,,,,,,,
336,일반음식점,싱싱회포차, 청주시 흥덕구 풍산로 139-1  1층 (복대동),043 -233 -6290,,,,,,,,,,,
337,일반음식점,미소야가경점, 청주시 흥덕구 가경로 9-9  1층 105호 (가경동  그린프라자),043 -233 -7775,,,,,,,,,,,
338,일반음식점,복대영양탕, 청주시 흥덕구 신율로 113  1층 (복대동),043 -233 -9630,,,,,,,,,,,
339,일반음식점,토마토도시락충북대점, 청주시 흥덕구 성봉로 303  1층 (복대동),043 -233 -8649,,,,,,,,,,,
340,일반음식점,안동궁중찜닭.교동두마리치킨, 청주시 흥덕구 성봉로237번길 26 (복대동 (1층)),043 -233 -9920,,,,,,,,,,,
341,일반음식점,시장짬뽕, 청주시 흥덕구 복대로146번길 5-6 (복대동 (1층)),043 -234 -0199,,,,,,,,,,,
342,일반음식점,신사동떡볶이, 청주시 흥덕구 풍산로109번길 15  1층 103호 (복대동),043 -234 -1218,,,,,,,,,,,
343,일반음식점,깜돈 개신점, 청주시 흥덕구 복대로 102  세원아파트 상가동 1층 112호 (복대동),043 -234 -1777,,,,,,,,,,,
344,일반음식점,인구네, 청주시 흥덕구 신율로 181 (복대동 (1층)),043 -234 -1235,,,,,,,,,,,
345,일반음식점,조가네 아구찜, 청주시 흥덕구 복대로118번길 23  1층 (복대동),043 -234 -2529,,,,,,,,,,,
346,일반음식점,마녀 돈&파스타(가경복대점), 청주시 흥덕구 복대로162번길 7 (복대동),043 -234 -4446,,,,,,,,,,,
347,일반음식점,태영생막창.아찌닭발, 청주시 흥덕구 신율로 109 (복대동  (1층)),043 -234 -5634,,,,,,,,,,,
348,일반음식점,두진불고기, 청주시 흥덕구 복대로219번길 59-1 (복대동 외 1필지(1층)),043 -234 -6595,,,,,,,,,,,
349,일반음식점,빨간오뎅, 청주시 흥덕구 복대로 166 (복대동 (1층)),043 -234 -8044,,,,,,,,,,,
350,일반음식점,청룡식당, 청주시 흥덕구 복대로190번길 21  1층 (복대동),043 -234 -8570,,,,,,,,,,,
351,일반음식점,멕시칸양념통닭 , 청주시 흥덕구 복대로 207 (복대동 대호상가 8호),043 -235 -0714,,,,,,,,,,,
352,일반음식점,일미분식, 청주시 흥덕구 가경로189번길 52 (가경동  벽산아파트 상가동 109호),043 -235 -1101,,,,,,,,,,,
353,일반음식점,좋은날, 청주시 흥덕구 풍산로 134 (복대동),043 -235 -2828,,,,,,,,,,,
354,일반음식점,곤지암할매소머리국밥, 청주시 흥덕구 풍산로 114 (복대동  (1층)),043 -235 -3492,,,,,,,,,,,
355,일반음식점,대구반야월막창, 청주시 흥덕구 가경로 123  1층 (가경동),043 -235 -3617,,,,,,,,,,,
356,일반음식점,실비아, 청주시 흥덕구 풍산로 106 (복대동),043 -235 -4311,,,,,,,,,,,
357,일반음식점,작은백로, 청주시 흥덕구 복대로200번길 10-1  1층 (복대동),043 -235 -4567,,,,,,,,,,,
358,일반음식점,찌개마을, 청주시 흥덕구 복대로158번길 6-3 (복대동),043 -235 -5262,,,,,,,,,,,
359,일반음식점,장수식당, 청주시 흥덕구 풍산로 141  1층 (복대동),043 -235 -6603,,,,,,,,,,,
360,일반음식점,불향낙지볶음전문점, 청주시 흥덕구 풍산로118번길 13-1 (복대동 (1층)),043 -235 -7093,,,,,,,,,,,
361,일반음식점,서해, 청주시 흥덕구 복대로 120  1층 (복대동),043 -235 -7573,,,,,,,,,,,
362,일반음식점,다성왕족발보쌈, 청주시 흥덕구 신율로135번길 2 (복대동 (1층)),043 -235 -8208,,,,,,,,,,,
363,일반음식점,어여와 호프, 청주시 흥덕구 풍산로 113 (복대동 (1층)),043 -235 -9120,,,,,,,,,,,
364,일반음식점,차순이호프, 청주시 흥덕구 풍산로 121-1  1층 (복대동),043 -236 -0995,,,,,,,,,,,
365,일반음식점,더(THE)드림푸드, 청주시 흥덕구 가경로189번길 7-20  1층 (가경동),043 -236 -8383,,,,,,,,,,,
366,일반음식점,동그라미분식, 청주시 흥덕구 풍산로106번길 19-2  1층 (복대동),043 -236 -9290,,,,,,,,,,,
367,일반음식점,옛날국수, 청주시 흥덕구 복대로146번길 48  1층 103호 (복대동),043 -237 -3222,,,,,,,,,,,
368,일반음식점,비어락, 청주시 흥덕구 가경로149번길 1  2층 (가경동),043 -237 -3509,,,,,,,,,,,
369,일반음식점,피쉬&그릴, 청주시 흥덕구 가경로 9-22 (가경동 외 1필지  102호),043 -237 -5075,,,,,,,,,,,
370,일반음식점,진고개포차, 청주시 흥덕구 풍산로118번길 34 (복대동  (1층)),043 -237 -5744,,,,,,,,,,,
371,일반음식점,1987 인생푸드, 청주시 흥덕구 신율로 87  상가동 1층 104 105호 (복대동  신라빌라),043 -237 -9282,,,,,,,,,,,
372,일반음식점,바베큐파족, 청주시 흥덕구 복대로 130  1층 (복대동),043 -237 -9577,,,,,,,,,,,
373,일반음식점,엄마밥상, 청주시 흥덕구 복대로162번길 2-5 (복대동  (1층)),043 -238 -0440,,,,,,,,,,,
374,일반음식점,명가삼겹살 해장국, 청주시 흥덕구 복대로 235 (복대동),043 -238 -0486,,,,,,,,,,,
375,일반음식점,소호오목점, 청주시 흥덕구 충대로 8  1층 (복대동),043 -238 -1868,,,,,,,,,,,
376,일반음식점,신가향, 청주시 흥덕구 가경로149번길 27  1층 (가경동),043 -238 -3288,,,,,,,,,,,
377,일반음식점,울엄마양평해장국, 청주시 흥덕구 가경로 127 (가경동 외 2필지(1층)),043 -238 -4007,,,,,,,,,,,
378,일반음식점,산마루, 청주시 흥덕구 가경로 171 (가경동  (1층)),043 -238 -4422,,,,,,,,,,,
379,일반음식점,고집야식, 청주시 흥덕구 신율로118번길 6 (복대동),043 -238 -5670,,,,,,,,,,,
380,일반음식점,송도횟집, 청주시 흥덕구 복대로 124  1층 (복대동),043 -239 -4785,,,,,,,,,,,
381,일반음식점,꿀꺽, 청주시 흥덕구 풍산로106번길 3 (복대동 (1층)),043 -239 -7788,,,,,,,,,,,
382,일반음식점,박군치킨 복대, 청주시 흥덕구 복대로118번길 16  삼일아파트11동 1층 2호 (복대동),043 -239 -9002,,,,,,,,,,,
383,일반음식점,머슴파전, 청주시 흥덕구 복대로 102 (복대동  세원아파트 상가 103호 104호(1층)),043 -239 -9992,,,,,,,,,,,
384,일반음식점,(주)에스와이컴퍼니 씨에이-에프이203로스터스 충북대점, 청주시 흥덕구 내수동로 46  1 2층 (복대동),043 -254 -0203,,,,,,,,,,,
385,일반음식점,다이닝룸513, 청주시 흥덕구 내수동로42번길 65  1층 (복대동),043 -260 -2188,,,,,,,,,,,
386,일반음식점,청해, 청주시 흥덕구 내수동로12번길 6  1층 9호 (복대동  효성아파트상가동),043 -260 -2784,,,,,,,,,,,
387,일반음식점,크레이지DCP, 청주시 흥덕구 장구봉로 139 (복대동 (1층)),043 -260 -5246,,,,,,,,,,,
388,일반음식점,복지상회, 청주시 흥덕구 봉명로223번길 24  1층 (봉명동),043 -260 -8253,,,,,,,,,,,
389,일반음식점,토정순대, 청주시 흥덕구 월명로 37  1층 (봉명동),043 -260 -8311,,,,,,,,,,,
390,일반음식점,주식회사2, 청주시 흥덕구 봉명로 143  1층 (봉명동),043 -261 -7184,,,,,,,,,,,
391,일반음식점,뚱글이네순대, 청주시 흥덕구 성봉로 233 (복대동),043 -262 -0123,,,,,,,,,,,
392,일반음식점,리카페(LEE CAFE), 청주시 흥덕구 봉명로 140  1층 (봉명동),043 -262 -0242,,,,,,,,,,,
393,일반음식점,청주직지해장국, 청주시 흥덕구 충대로 11  1층 (복대동),043 -262 -0677,,,,,,,,,,,
394,일반음식점,팔도분식, 청주시 흥덕구 신율로 105 (복대동 (1층)),043 -262 -1337,,,,,,,,,,,
395,일반음식점,엄마밥집, 청주시 흥덕구 신율로180번길 27  1층 (복대동),043 -262 -6178,,,,,,,,,,,
396,일반음식점,R&B(레드앤블랙), 청주시 흥덕구 백봉로197번길 16 (봉명동  4층),043 -262 -6494,,,,,,,,,,,
397,일반음식점,아싸요우, 청주시 흥덕구 봉명로227번길 12  1층 (봉명동),043 -262 -7771,,,,,,,,,,,
398,일반음식점,깡소주깡호프, 청주시 흥덕구 월명로 37  2층 (봉명동),043 -263 -0567,,,,,,,,,,,
399,일반음식점,깨봉네 통통삼, 청주시 흥덕구 내수동로 35  1층 (복대동),043 -262 -9258,,,,,,,,,,,
400,일반음식점,비룡각, 청주시 흥덕구 성봉로 231 (복대동 (1층)),043 -263 -2592,,,,,,,,,,,
401,일반음식점,이모네밥상, 청주시 흥덕구 내수동로 7  1층 (복대동),043 -263 -3002,,,,,,,,,,,
402,일반음식점,선이네, 청주시 흥덕구 내수동로 16  1층 (복대동),043 -263 -3186,,,,,,,,,,,
403,일반음식점,장금이파전, 청주시 흥덕구 봉명로 223 (봉명동 (1층)),043 -263 -3535,,,,,,,,,,,
404,일반음식점,토시래(충북대점), 청주시 흥덕구 내수동로 41-3  1층 (복대동),043 -263 -7825,,,,,,,,,,,
405,일반음식점,로충칭마라탕, 청주시 흥덕구 충대로 3-1  2층 (복대동),043 -263 -8088,,,,,,,,,,,
406,일반음식점,차마루, 청주시 흥덕구 복대로 195  1층 (복대동),043 -263 -8787,,,,,,,,,,,
407,일반음식점,흥덕푸드, 청주시 흥덕구 신율로 150  1층 (복대동),043 -264 -3390,,,,,,,,,,,
408,일반음식점,제주뒷고기, 청주시 흥덕구 복대로 118 (복대동  (1층)),043 -264 -4838,,,,,,,,,,,
409,일반음식점,동네술집, 청주시 흥덕구 봉명로 183  나동 1층 (봉명동),043 -265 -0671,,,,,,,,,,,
410,일반음식점,오호봉(OH HO Bong), 청주시 흥덕구 내수동로 30-1  2층 (복대동),043 -265 -7875,,,,,,,,,,,
411,일반음식점,홍등, 청주시 흥덕구 성봉로 247 (복대동 (1층)),043 -265 -8246,,,,,,,,,,,
412,일반음식점,장수영양촌, 청주시 흥덕구 봉명로 113 (봉명동 (1층)),043 -266 -0833,,,,,,,,,,,
413,일반음식점,해물너.찜했어, 청주시 흥덕구 신율로118번길 4  1층 (복대동),043 -266 -1525,,,,,,,,,,,
414,일반음식점,정다운보리밥, 청주시 흥덕구 풍산로 110  1층 (복대동),043 -266 -1989,,,,,,,,,,,
415,일반음식점,삼촌식당, 청주시 흥덕구 충대로 9 (복대동),043 -266 -5219,,,,,,,,,,,
416,일반음식점,더(the)청춘족발, 청주시 흥덕구 내수동로55번길 7 (복대동 (1층)),043 -266 -8285,,,,,,,,,,,
417,일반음식점,치요남(치킨과 요리의 만남), 청주시 흥덕구 봉명로177번길 46-2  1층 101호 (봉명동),043 -266 -6010,,,,,,,,,,,
418,일반음식점,할매손고추만두, 청주시 흥덕구 봉명로 202-1  1층 (봉명동),043 -266 -8578,,,,,,,,,,,
419,일반음식점,해피덕.옥이네, 청주시 흥덕구 신율로118번길 4 (복대동 (1층)),043 -266 -8987,,,,,,,,,,,
420,일반음식점,닥치고곱창, 청주시 흥덕구 내수동로12번길 6 (복대동  효성아파트 1층 6호),043 -266 -9345,,,,,,,,,,,
421,일반음식점,옥탑방오봉자충대정문점, 청주시 흥덕구 내수동로 30-1 (복대동),043 -267 -6937,,,,,,,,,,,
422,일반음식점,피자샵, 청주시 흥덕구 성봉로 245  1층 (복대동),043 -267 -8878,,,,,,,,,,,
423,일반음식점,씨월드피쉬활어회센타, 청주시 흥덕구 월명로 44-1  1층 (봉명동),043 -268 -0074,,,,,,,,,,,
424,일반음식점,청담동말자개신점, 청주시 흥덕구 장구봉로 147 (복대동  (1층)),043 -268 -0338,,,,,,,,,,,
425,일반음식점,로또치킨호프, 청주시 흥덕구 봉명로191번길 18 (봉명동 (1층)),043 -268 -2689,,,,,,,,,,,
426,일반음식점,끼리, 청주시 흥덕구 봉명로191번길 3  1층 (봉명동),043 -268 -4672,,,,,,,,,,,
427,일반음식점,초담전집, 청주시 흥덕구 장구봉로 145  1층 (복대동),043 -268 -5335,,,,,,,,,,,
428,일반음식점,술자리, 청주시 흥덕구 봉명로 146-1  1층 (봉명동),043 -268 -6789,,,,,,,,,,,
429,일반음식점,복대개신굽네치킨, 청주시 흥덕구 신율로 117 (복대동 (1층)),043 -268 -9294,,,,,,,,,,,
430,일반음식점,장충동 뚱뚱이할머니족발 보쌈.일품 추풍령 감자탕, 청주시 흥덕구 성봉로 241-1 (복대동),043 -269 -1259,,,,,,,,,,,
431,일반음식점,돈까스King, 청주시 흥덕구 충대로 3  1층 (복대동),043 -269 -2609,,,,,,,,,,,
432,일반음식점,미트캠프지란지교, 청주시 흥덕구 성봉로 301  1층 (복대동),043 -269 -3945,,,,,,,,,,,
433,일반음식점,율푸드, 청주시 흥덕구 장구봉로 135  1층 (복대동),043 -271 -1357,,,,,,,,,,,
434,일반음식점,신호탕떡볶이 & 신화야시장, 청주시 흥덕구 내수동로42번길 4 (복대동 (1층)),043 -271 -2789,,,,,,,,,,,
435,일반음식점,웰빙승미식당, 청주시 흥덕구 봉명로 112-3 (봉명동 (1층)),043 -272 -3335,,,,,,,,,,,
436,일반음식점,야한(夜韓)동대문, 청주시 흥덕구 봉명로177번길 34 (봉명동 (1층)),043 -271 -8256,,,,,,,,,,,
437,일반음식점,도시어부포차, 청주시 흥덕구 신율로90번길 30  1층 (복대동),043 -272 -2247,,,,,,,,,,,
438,일반음식점,봉순이네칼국수, 청주시 흥덕구 봉명로191번길 8  1층 (봉명동),043 -272 -5259,,,,,,,,,,,
439,일반음식점,동천해장국, 청주시 흥덕구 봉명로 110 (봉명동 (1층)),043 -273 -2383,,,,,,,,,,,
440,일반음식점,한소담족발, 청주시 흥덕구 내수동로 16  1층 (복대동),043 -273 -2731,,,,,,,,,,,
441,일반음식점,청해수산, 청주시 흥덕구 1순환로 621 (봉명동),043 -273 -5253,,,,,,,,,,,
442,일반음식점,또만나실내포차, 청주시 흥덕구 월명로 44 (봉명동),043 -273 -5779,,,,,,,,,,,
443,일반음식점,슈퍼파파(충북대점), 청주시 흥덕구 신율로 82  1층 (복대동),043 -273 -9797,,,,,,,,,,,
444,일반음식점,행복한국밥집, 청주시 흥덕구 장구봉로137번길 4  1층 (복대동),043 -274 -2929,,,,,,,,,,,
445,일반음식점,나! 배고파요, 청주시 흥덕구 내수동로 67 (복대동  (1층)),043 -274 -6177,,,,,,,,,,,
446,일반음식점,59쌀피자, 청주시 흥덕구 복대로 149  사동 101호 (복대동  덕일아파트),043 -275 -0341,,,,,,,,,,,
447,일반음식점,로충칭마라탕(서문점), 청주시 흥덕구 성봉로237번길 1  1층 (복대동),043 -276 -2345,,,,,,,,,,,
448,일반음식점,다경한식뷔페, 청주시 흥덕구 충대로13번길 58  1층 (복대동),043 -276 -2560,,,,,,,,,,,
449,일반음식점,박군치킨 충북대점, 청주시 흥덕구 성봉로 231  1층 (복대동),043 -276 -4800,,,,,,,,,,,
450,일반음식점,서원닭갈비, 청주시 흥덕구 봉명로241번길 23  1층 (봉명동),043 -277 -1912,,,,,,,,,,,
451,일반음식점,이가네전집, 청주시 흥덕구 내수동로42번길 19 (복대동 (1층)),043 -277 -2003,,,,,,,,,,,
452,일반음식점,추억에포장마차, 청주시 흥덕구 성봉로237번길 1  1층 (복대동),043 -278 -0070,,,,,,,,,,,
453,일반음식점,레몬커피, 청주시 흥덕구 충대로 9  1층 2호 (복대동),043 -284 -8857,,,,,,,,,,,
454,일반음식점,문S 파스타, 청주시 흥덕구 신율로103번길 18  1층 (복대동),043 -287 -2234,,,,,,,,,,,
455,일반음식점,너바나, 청주시 흥덕구 내수동로 61 (복대동 (1층)),043 -291 -5677,,,,,,,,,,,
456,일반음식점,돈사랑.혜화동돈까스, 청주시 흥덕구 신율로180번길 21  1층 일부호 (복대동),043 -904 -1685,,,,,,,,,,,
457,일반음식점,엄니칼국수.보리밥, 청주시 흥덕구 내수동로 21  B동 1층 (복대동),043 -905 -0888,,,,,,,,,,,
458,일반음식점,캠토청주충북대점, 청주시 흥덕구 내수동로34번길 4  1층 (복대동),070 -8811-1217,,,,,,,,,,,
459,일반음식점,교촌치킨, 청주시 흥덕구 충대로 5  1층 (복대동),073 -273 -9989,,,,,,,,,,,
460,일반음식점,로드킹, 청주시 서원구 1순환로672번길 6  2층 (사창동),,,,,,,,,,,,
461,일반음식점,회색집, 청주시 서원구 1순환로694번길 12 (사창동),,,,,,,,,,,,
462,일반음식점,문화주택, 청주시 서원구 1순환로672번길 31  1층 (사창동),,,,,,,,,,,,
463,일반음식점,모모로, 청주시 서원구 1순환로672번길 25  2층 (사창동),,,,,,,,,,,,
464,일반음식점,다사랑치킨호프, 청주시 서원구 신율로53번길 53  1층 (개신동),,,,,,,,,,,,
465,일반음식점,뉴욕바닷가재, 청주시 서원구 1순환로 715  1층 (사창동),,,,,,,,,,,,
466,일반음식점,위(Oui), 청주시 서원구 내수동로114번길 26 (사창동 (지하1층)),,,,,,,,,,,,
467,일반음식점,서래갈매기, 청주시 서원구 내수동로108번길 23  1층 (사창동),,,,,,,,,,,,
468,일반음식점,오듀오(O:duo), 청주시 서원구 1순환로672번길 50 (사창동 (2층)),,,,,,,,,,,,
469,일반음식점,라면국물편의점포차(충북대점), 청주시 서원구 1순환로704번길 78  2층 (사창동),,,,,,,,,,,,
470,일반음식점,용구비어, 청주시 서원구 신율로 49 (개신동 번지  108호),,,,,,,,,,,,
471,일반음식점,대길식당, 청주시 서원구 창신로 34-1 (사창동 (1층)),,,,,,,,,,,,
472,일반음식점,장군집, 청주시 서원구 성봉로220번길 156  1동 1층 (개신동),,,,,,,,,,,,
473,일반음식점,미소분식, 청주시 서원구 신율로 57 (개신동 (1층)),,,,,,,,,,,,
474,일반음식점,설레임, 청주시 서원구 신율로53번길 58 (개신동 (1층)),,,,,,,,,,,,
475,일반음식점,옆집 충대점, 청주시 서원구 내수동로108번길 23  2층 (사창동),,,,,,,,,,,,
476,일반음식점,뻘건집, 청주시 서원구 내수동로114번길 42  1층 (사창동),,,,,,,,,,,,
477,일반음식점,장미맨숀, 청주시 서원구 내수동로114번길 41  1층 (사창동),,,,,,,,,,,,
478,일반음식점,오꾸꼬, 청주시 서원구 창직로 17-2 (사창동 (1층)),,,,,,,,,,,,
479,일반음식점,청송식당, 청주시 서원구 모충로 153 (사직동 (1층)),,,,,,,,,,,,
480,일반음식점,코소쿠식당, 청주시 서원구 1순환로674번길 66  1층 (사창동),,,,,,,,,,,,
481,일반음식점,중문떡볶이, 청주시 서원구 1순환로672번길 36 (사창동 (1층)),,,,,,,,,,,,
482,일반음식점,리빙룸(living room), 청주시 서원구 내수동로108번길 51  지하1층 (사창동),,,,,,,,,,,,
483,일반음식점,24시 기사식당, 청주시 서원구 봉명로150번길 41  1층 (사창동  드림빌),,,,,,,,,,,,
484,일반음식점,치킨앤칩스, 청주시 서원구 모충로25번길 9  1층 104 105호 (개신동),,,,,,,,,,,,
485,일반음식점,치얼스(cheers), 청주시 서원구 창직로 21  1층 (사창동),,,,,,,,,,,,
486,일반음식점,이자카야청상, 청주시 서원구 내수동로108번길 21  2층 (사창동),,,,,,,,,,,,
487,일반음식점,코나(kona), 청주시 서원구 창신로25번길 3  1층 (사창동),,,,,,,,,,,,
488,일반음식점,느낌, 청주시 서원구 1순환로680번길 13-2  2층 (사창동),,,,,,,,,,,,
489,일반음식점,오삼구 포차, 청주시 서원구 1순환로672번길 30  5층 (사창동),,,,,,,,,,,,
490,일반음식점,김우동, 청주시 서원구 1순환로751번길 29  상가동 1층 103호 (개신동  태암베스트윙 ),,,,,,,,,,,,
491,일반음식점,달랑주점, 청주시 서원구 1순환로694번길 4  2층 (사창동),,,,,,,,,,,,
492,일반음식점,느낌이 좋아, 청주시 서원구 창신로 43  2층 (사창동),,,,,,,,,,,,
493,일반음식점,홍스팅, 청주시 서원구 봉명로228번길 11-1  1층 (사창동),,,,,,,,,,,,
494,일반음식점,쿄우노식당 개신점, 청주시 서원구 복대로 7  1층 106호 (개신동  대상마스터빌딩),,,,,,,,,,,,
495,일반음식점,온니원, 청주시 서원구 복대로 7  대상마스터빌딩 1층 111 112호 (개신동),,,,,,,,,,,,
496,일반음식점,네오피자 청주1호점, 청주시 서원구 봉명로142번길 45  1층 (사창동),,,,,,,,,,,,
497,일반음식점,이팔청춘(충북대점), 청주시 서원구 1순환로672번길 19  3층 (사창동),,,,,,,,,,,,
498,일반음식점,붐붐, 청주시 서원구 1순환로672번길 50  3층 (사창동),,,,,,,,,,,,
499,일반음식점,하루세끼, 청주시 서원구 내수동로 170-1  1층 (사창동),,,,,,,,,,,,
500,일반음식점,쿄우다이, 청주시 서원구 내수동로108번길 18  2층 (사창동),,,,,,,,,,,,
,,,,,,,,,,,,,,,
501,일반음식점,고급라면, 청주시 서원구 1순환로704번길 46  1층 (사창동),043-272-7720,36.63223,127.45904,https://store.naver.com/restaurants/detail?id=1473427653,5800,라면,,,,,,
502,일반음식점,국민야시장, 청주시 서원구 1순환로672번길 23  2층 3층 (사창동),,,,,,,,,,,,
503,일반음식점,드랍더비트, 청주시 서원구 내수동로 107  지하1층 (사창동),010-4626-2619,36.634012,127.459145,https://store.naver.com/restaurants/detail?id=1060051386,5000,칵테일,,,,,,
504,일반음식점,마더맘치킨 사창점, 청주시 서원구 창직로25번길 30 (사창동  지하 1층),,,,,,,,,,,,
505,일반음식점,카페앙꼬, 청주시 서원구 내수동로 158-1  1층 (사창동),010-9347-2213,36.634087,127.464686,https://store.naver.com/restaurants/detail?id=1254231807,5500,레몬에이드 샹그리아,,,,,,
506,일반음식점,개똥이네포차, 청주시 서원구 1순환로672번길 7  3층 (사창동),043-263-6087,36.63311,127.458472,https://store.naver.com/restaurants/detail?id=1935200428,12000,국물떡볶이 어묵탕 먹태,,,,,,
507,일반음식점,밀방, 청주시 서원구 내수동로 140  1층 (사창동),043-266-7955,36.63356,127.456928,https://store.naver.com/restaurants/detail?id=1357121810,5500,수제비 해물파전,,,,,,
508,일반음식점,비긴어게인, 청주시 서원구 경신로 32-15  1층 (개신동),,,,,,,,,,,,
509,일반음식점,진가네소곱창연구소, 청주시 서원구 복대로17번길 11  1층 103호 (개신동),043-216-5334,36.618378,127.445341,https://store.naver.com/restaurants/detail?id=1729178367,10900,소곱창,,,,,,
510,일반음식점,모에루, 청주시 서원구 내수동로 125  1층 (사창동),070-8639-9209,36.634232,127.461204,https://store.naver.com/restaurants/detail?id=1348990526,20000,꼬치구이,,,,,,
511,일반음식점,우리집 숯불고기, 청주시 서원구 내수동로108번길 28  3층 (사창동),043-266-6242,36.632758,127.458382,https://store.naver.com/restaurants/detail?id=1071396355,8000,돼지갈비 갈매기살,,,,,,
512,일반음식점,알앤디(RnD), 청주시 서원구 내수동로108번길 28  지하1층 (사창동),010-8732-0506,36.632758,127.458382,https://store.naver.com/restaurants/detail?id=1456991577,7000,칵테일,,,,,,
513,일반음식점,건강한진수성찬, 청주시 서원구 1순환로638번길 46  1층 (사창동),,,,,,,,,,,,
514,일반음식점,카페샌드-윗, 청주시 서원구 1순환로 751  1층 (개신동),010-8564-1736,36.626959,127.463462,https://store.naver.com/restaurants/detail?id=1009324361,6800,샌드위치,,,,,,
515,일반음식점,비포선라이즈, 청주시 서원구 1순환로680번길 5  2층 (사창동),,,,,,,,,,,,
516,일반음식점,이디엇츠(iDIOTS), 청주시 서원구 내수동로108번길 18  1층 (사창동),,,,,,,,,,,,
517,일반음식점,동대문떡볶이 동떡충북대점, 청주시 서원구 1순환로 682  1층 SHOP#103호 (사창동),,,,,,,,,,,,
518,일반음식점,사사삼에스티(443st), 청주시 서원구 1순환로674번길 26  2층 (사창동),,,,,,,,,,,,
519,일반음식점,동감(同感), 청주시 서원구 창직로 45-1  1층 (사창동),043-276-1260,36.630939,127.466849,https://store.naver.com/restaurants/detail?id=1368609243,4000,아메리카노 카페라떼 바닐라라떼,,,,,,
520,일반음식점,충대가맥, 청주시 서원구 내수동로102번길 50  4층 (사창동),,,,,,,,,,,,
521,일반음식점,브라더스, 청주시 서원구 1순환로694번길 12  1층 102호 (사창동),010-9940-1473,36.631769,127.460452,https://store.naver.com/restaurants/detail?id=1397348890,3900,햄버거 피자,,,,,,
522,일반음식점,대동집충북대점, 청주시 서원구 1순환로672번길 31  1층 (사창동),,36.633113,127.458473,https://store.naver.com/restaurants/detail?entry=plt&id=1985806428&query=%EB%8C%80%EB%8F%99%EC%A7%91%20%EC%B6%A9%EB%B6%81%EB%8C%80%EC%A0%90,5000,국수 비빔국수 전,,,,,,
523,일반음식점,달아래, 청주시 서원구 1순환로674번길 21  2층 (사창동),043-266-4614,36.63277,127.459523,https://store.naver.com/restaurants/detail?id=1949869965,19000,소고기다다끼 크림새우,,,,,,
524,일반음식점,그루브, 청주시 서원구 1순환로672번길 42  지하1층 (사창동),010-9237-3854,36.632982,127.45774,https://store.naver.com/restaurants/detail?id=1939870136,17000,감바스 불오삼,,,,,,
525,일반음식점,60계치킨 수곡개신점, 청주시 서원구 모충로 9  1층 103호 (개신동),043-272-6092,36.625208,127.464991,https://store.naver.com/restaurants/detail?entry=plt&id=1652339395&query=60%EA%B3%84%EC%B9%98%ED%82%A8%20%EC%B2%AD%EC%A3%BC%EC%88%98%EA%B3%A1%EA%B0%9C%EC%8B%A0%EC%A0%90,18900,치킨,,,,,,
526,일반음식점,맨션드도쿄, 청주시 서원구 1순환로674번길 18  2층 (사창동),043-260-4655,36.633128,127.459546,https://store.naver.com/restaurants/detail?entry=plt&id=1332736310&query=%EB%A7%A8%EC%85%98%EB%93%9C%EB%8F%84%EC%BF%84,17000,일본전골 나베,,,,,,
527,일반음식점,오뚜기, 청주시 서원구 창직로 60  푸르지오캐슬 상가동 1층 104호 (사직동),010-9112-8720,36.630551,127.46828,https://store.naver.com/restaurants/detail?id=1072942965,16000,닭똥집,,,,,,
528,일반음식점,맛있는 정원, 청주시 서원구 복대로17번길 23  1층 101호 (개신동  빌라),070-8770-2785,36.61816,127.445244,https://store.naver.com/restaurants/detail?id=1860732267,10800,포크커틀렛 까르보나라,,,,,,
529,일반음식점,숯불북경오리구이, 청주시 서원구 모충로 101  1층 (모충동),010-2028-1888,36.628104,127.4742,https://store.naver.com/restaurants/detail?id=1262955726,48000,북경오리구이 전골 양꼬치,,,,,,
530,일반음식점,귀한자식 수제생통까스, 청주시 서원구 복대로17번길 11  104호 (개신동),043-234-8080,36.618375,127.445336,https://store.naver.com/restaurants/detail?id=1820224705,5900,통까스,,,,,,
531,일반음식점,Bo on (본), 청주시 서원구 1순환로672번길 25  지하1층 (사창동),,,,,,,,,,,,
532,일반음식점,불난주막, 청주시 서원구 1순환로672번길 45  1층 (사창동),,36.632693,127.457784,https://store.naver.com/restaurants/detail?id=38615380,15000,삼치구이 닭똥집 닭발 ,,,,,,
533,일반음식점,곱깨비(충북대점), 청주시 서원구 모충로3번길 81  1층 109호 (개신동  한진아파트),,,,,,,,,,,,
534,일반음식점,제이푸드 출장음식, 청주시 서원구 1순환로 785  송학삼익맨션상가동 2층 201호 (개신동),,,,,,,,,,,,
535,일반음식점,조선옥, 청주시 서원구 성봉로 157  1층 (개신동)[*미고시],043-292-5100,36.619384,127.451261,https://store.naver.com/restaurants/detail?id=11608880,13000,돼지양념갈비 갈비탕,,,,,,
536,일반음식점,신서방 교자만두, 청주시 서원구 창신로31번길 11  1층 (사창동),043-265-8874,36.633617,127.463736,https://store.naver.com/restaurants/detail?id=1435688081,4500,만두,,,,,,
537,일반음식점,옛날칼국수, 청주시 서원구 내수동로 162-1  1층 (사창동),,,,,,,,,,,,
538,일반음식점,라비올레, 청주시 서원구 1순환로638번길 50  1층 (사창동),043-265-9989,36.636572,127.456636,https://store.naver.com/restaurants/detail?id=1841037933,11000,까르보나라 로제파스타 ,,,,,,
539,일반음식점,와바, 청주시 서원구 내수동로 150  1층 (사창동  명일원룸),070-7722-4306,36.634106,127.46369,https://store.naver.com/restaurants/detail?id=1024356419,3500,국물떡볶이,,,,,,
540,일반음식점,불스떡볶이, 청주시 서원구 천수로 23  1층 (사창동),,,,,,,,,,,,
541,일반음식점,한솥청주개신중앙점, 청주시 서원구 복대로 15  1층 (개신동),043-233-7107,36.618585,127.445733,https://store.naver.com/restaurants/detail?entry=plt&id=1909783167&query=%ED%95%9C%EC%86%A5%EB%8F%84%EC%8B%9C%EB%9D%BD%20%EC%B2%AD%EC%A3%BC%EA%B0%9C%EC%8B%A0%EC%A4%91%EC%95%99%EC%A0%90,5000,도시락,,,,,,
542,일반음식점,제이라운지, 청주시 서원구 1순환로672번길 10  3층 (사창동),,,,,,,,,,,,
543,일반음식점,정견, 청주시 서원구 1순환로674번길 22  1층 (사창동),,,,,,,,,,,,
544,일반음식점,청년맥주, 청주시 서원구 천석로14번길 17  1층 (사창동),,,,,,,,,,,,
545,일반음식점,동래호프, 청주시 서원구 1순환로672번길 22  1층 (사창동),043-272-2979,36.633462,127.458681,https://store.naver.com/restaurants/detail?id=1462294482,9000,전기통닭 반건조오징어,,,,,,
546,일반음식점,산이포장마차, 청주시 서원구 성봉로220번길 24  1층 (개신동),043-260-8774,36.626753,127.470398,https://store.naver.com/restaurants/detail?id=1433050986,15000,고갈비,,,,,,
547,일반음식점,바흐트, 청주시 서원구 1순환로 661-1  2층 (사창동),,,,,,,,,,,,
548,일반음식점,불난술집, 청주시 서원구 1순환로672번길 46  1층 (사창동),,,,,,,,,,,,
549,일반음식점,패치워크, 청주시 서원구 1순환로704번길 78  지하1층 (사창동),010-6472-2722,36.632886,127.457619,https://store.naver.com/restaurants/detail?id=1715585132,20000,김치삼겹살두루치기 닭발 떡볶이,,,,,,  
550,일반음식점,코이요스시, 청주시 서원구 창직로 20  1층 (사창동),,,,,,,,,,,,
551,일반음식점,레드홀(RED HOLE), 청주시 서원구 1순환로672번길 25  3층 (사창동),,,,,,,,,,,,
552,일반음식점,스위치(Switch), 청주시 서원구 모충로3번길 81  단지내상가동 1층 104호 (개신동  한진아파트),043-260-1606,36.62826,127.462994,https://store.naver.com/restaurants/detail?id=1970408185,6000,칵테일 와인 ,,,,,,
553,일반음식점,정든식당, 청주시 서원구 내수동로 160  1층 (사창동),,,,,,,,,,,,
554,일반음식점,3 POP e스포츠 PC카페, 청주시 서원구 내수동로102번길 52-1  지하1층 B101호 (사창동  대승중문타운),,,,,,,,,,,,
555,일반음식점,호록(Ho-Rok), 청주시 서원구 1순환로672번길 46  2층 (사창동),,,,,,,,,,,,
556,일반음식점,청춘어람 충북대점, 청주시 서원구 1순환로704번길 63  2층 (사창동),,,,,,,,,,,,
557,일반음식점,씨멘트충북대점, 청주시 서원구 1순환로674번길 62  1층 (사창동),010-4601-9381,36.63205,127.457631,https://store.naver.com/restaurants/detail?id=1827820399,7500,스파게티 포테이토피자 파스타,,,,,,
558,일반음식점,대감집, 청주시 서원구 창직로 90 (사직동),043- 267-9090,,,,,,,,,,,
559,일반음식점,김밥천국, 청주시 서원구 창직로 13-2 (사창동),043- 271-3999,36.630933,127.463349,https://store.naver.com/restaurants/detail?id=37020097,3000,김밥 라면 돈가스 덮밥 찌개,,,,,,
560,일반음식점,가배시광, 청주시 서원구 성봉로 186  2층 (개신동),    043- 277-0122,,,,,,,,,,,
561,일반음식점,지지고충북대점, 청주시 서원구 1순환로672번길 36  1층 (사창동  405-1),    043- 277-8581,,,,,,,,,,,
562,일반음식점,왕천파닭, 청주시 서원구 내수동로 107 (사창동 (1층)),,,,,,,,,,,,
563,일반음식점,맥주창고, 청주시 서원구 1순환로704번길 75 (사창동 (지하1층)),,,,,,,,,,,,
564,일반음식점,꼬챙이분평점, 청주시 서원구 1순환로1063번길 77 (분평동 102호),,,,,,,,,,,,
565,일반음식점,병천순대, 청주시 서원구 천수로7번길 1-1 (사창동 외 1필지 1층(관련지번:185-15)),,,,,,,,,,,,
566,일반음식점,엘리트김밥, 청주시 서원구 모충로 100 (모충동 (1층)),,,,,,,,,,,,
567,일반음식점,해피토스트 앤 김밥, 청주시 서원구 창신로 27-1 (사창동 (1층)),,,,,,,,,,,,
568,일반음식점,안, 청주시 서원구 내수동로108번길 27 (사창동 (4층)),,,,,,,,,,,,
569,일반음식점,햇살촌, 청주시 서원구 내수동로 168 (사창동 (1층)),,,,,,,,,,,,
570,일반음식점,홍원, 청주시 서원구 내수동로 93 (사창동 (2층)), 043- 216-4982,,,,,,,,,,,
571,일반음식점,우렁찬불고기, 청주시 서원구 창신로25번길 13  1층 (사창동), 043- 221-4462,,,,,,,,,,,
572,일반음식점,한우와 도니, 청주시 서원구 모충로 127  1층 (모충동), 043- 222-0193,,,,,,,,,,,
573,일반음식점,김밥천하, 청주시 서원구 창신로 10 (사창동  (1층)), 043- 223-6191,,,,,,,,,,,
574,일반음식점,또봉이통닭, 청주시 서원구 복대로17번길 11  1층 101호 (개신동), 043- 231-8342,,,,,,,,,,,
575,일반음식점,주민상회, 청주시 서원구 신율로 49 (개신동 103호(1층)), 043- 233-2212,,,,,,,,,,,
576,일반음식점,스시뷔페 스시베이 청주점, 청주시 서원구 복대로 5  7층 (개신동), 043- 233-3358,,,,,,,,,,,
577,일반음식점,개신점 닭깡, 청주시 서원구 경신로 36  1층 (개신동), 043- 233-9111,,,,,,,,,,,
578,일반음식점,명륜진사갈비청주개신점, 청주시 서원구 복대로 11  1층 101호 (개신동), 043- 233-9258,,,,,,,,,,,
579,일반음식점,신전떡볶이, 청주시 서원구 복대로 19  1층 102호 (개신동  매직타워), 043- 233-9323,,,,,,,,,,,
580,일반음식점,에꿍이치킨-충대개신점, 청주시 서원구 모충로3번길 68  1층 (개신동  외 1필지), 043- 233-9906,,,,,,,,,,,
581,일반음식점,교촌치킨가경2호점, 청주시 서원구 복대로 19  1층 110호 (개신동), 043- 233-9949,,,,,,,,,,,
582,일반음식점,전주콩나물국밥, 청주시 서원구 복대로 19 (개신동 번지 105호), 043- 233-9954,,,,,,,,,,,
583,일반음식점,훌랄라 치킨, 청주시 서원구 신율로 49 (개신동 번지 101호), 043- 234-0469,,,,,,,,,,,
584,일반음식점,개신마당, 청주시 서원구 경신로 31-4  1층 (개신동), 043- 234-4233,,,,,,,,,,,
585,일반음식점,한성토종한우, 청주시 서원구 성봉로169번길 41-2 (개신동 (1층)), 043- 234-4842,,,,,,,,,,,
586,일반음식점,돈(豚)마루, 청주시 서원구 신율로 63  1층 (개신동), 043- 234-7989,,,,,,,,,,,
587,일반음식점,아르떼스커피, 청주시 서원구 복대로 15  1층 (개신동), 043- 234-9395,,,,,,,,,,,
588,일반음식점,본죽개신점, 청주시 서원구 복대로 27  캐슬타워 1층 106호 (개신동), 043- 235-6665,,,,,,,,,,,
589,일반음식점,박태규의 철통닭갈비 개신점, 청주시 서원구 신율로 49 (개신동 106호), 043- 236-2525,,,,,,,,,,,
590,일반음식점,맛깔참죽 청주개신성화지구점, 청주시 서원구 경신로 32-15 (개신동 (1층)), 043- 236-6088,,,,,,,,,,,
591,일반음식점,초사골불타는쭈꾸미, 청주시 서원구 경신로 31-30 (개신동 115  116호(1층)), 043- 237-1467,,,,,,,,,,,
592,일반음식점,쿡메시야, 청주시 서원구 1순환로674번길 48 (사창동 (1층)), 043- 237-7500,,,,,,,,,,,
593,일반음식점,BHC(비에이치씨) 가경개신점, 청주시 서원구 경신로 31-30 (개신동 (1층) 122호), 043- 237-9567,,,,,,,,,,,
594,일반음식점,참숯불구이도야지, 청주시 서원구 신율로53번길 8 (개신동), 043- 237-9933,,,,,,,,,,,
595,일반음식점,신전떡볶이, 청주시 서원구 장전로 73  1층 (성화동), 043- 238-0233,,,,,,,,,,,
596,일반음식점,현도향, 청주시 서원구 내수동로 91-1  지하1층 (사창동), 043- 260-0722,,,,,,,,,,,
597,일반음식점,삼춘네 삼겹살, 청주시 서원구 내수동로108번길 27  3층 (사창동), 043- 260-5059,,,,,,,,,,,
598,일반음식점,옥경이실내포차, 청주시 서원구 창신로32번길 9 (사창동), 043- 262-1247,,,,,,,,,,,
599,일반음식점,김박사면옥, 청주시 서원구 모충로117번길 1 (모충동), 043- 262-1598,,,,,,,,,,,
600,일반음식점,삼부자집, 청주시 서원구 창신로22번길 14 (사창동 (1층)), 043- 262-2106,,,,,,,,,,,
601,일반음식점,똘배의 황소고집, 청주시 서원구 모충로 59  상가동 101호 (모충동 주공아파트), 043- 262-2235,,,,,,,,,,,
602,일반음식점,아웃닭, 청주시 서원구 1순환로674번길 18 (사창동 (1층)), 043- 262-3377,,,,,,,,,,,
603,일반음식점,놀부반점, 청주시 서원구 모충로 141 (모충동), 043- 262-3573,,,,,,,,,,,
604,일반음식점,부어치킨(충북대점), 청주시 서원구 1순환로674번길 66 (사창동), 043- 262-4660,,,,,,,,,,,
605,일반음식점,산촌한우직판장, 청주시 서원구 1순환로648번길 10 (사창동), 043- 262-6568,,,,,,,,,,,
606,일반음식점,빨간우체통, 청주시 서원구 1순환로672번길 35 (사창동 (2층)), 043- 262-6789,,,,,,,,,,,
607,일반음식점,용구비어, 청주시 서원구 1순환로704번길 78 (사창동 (1층)), 043- 263-0939,,,,,,,,,,,
608,일반음식점,피자마루개신사직점, 청주시 서원구 모충로 27-2 (개신동 (1층)), 043- 263-1082,,,,,,,,,,,
609,일반음식점,구룡산한식, 청주시 서원구 1순환로 765 (개신동 (1층)), 043- 263-1259,,,,,,,,,,,
610,일반음식점,보릿고개, 청주시 서원구 천수로 5 (사창동 (1층)), 043- 263-1330,,,,,,,,,,,
611,일반음식점,울진생고기촌, 청주시 서원구 천수로8번길 5  1층 (사창동), 043- 263-2061,,,,,,,,,,,
612,일반음식점,충만치킨 충북대점, 청주시 서원구 1순환로672번길 19 (사창동 2층), 043- 263-2821,,,,,,,,,,,
613,일반음식점,대원불고기, 청주시 서원구 천수로 14-2  마동 6호 (사창동 동신), 043- 263-3183,,,,,,,,,,,
614,일반음식점,진미회포장마차, 청주시 서원구 창신로32번길 25-1  1층 (사창동), 043- 263-8253,,,,,,,,,,,
615,일반음식점,지구촌감자탕추어탕, 청주시 서원구 신율로 70 (개신동 (1층)), 043- 263-8470,,,,,,,,,,,
616,일반음식점,청정돼지 국내산삼겹살 봉명사창점, 청주시 서원구 창직로 6 (사창동), 043- 263-8866,,,,,,,,,,,
617,일반음식점,더큰밥버거, 청주시 서원구 내수동로102번길 54  1층 (사창동), 043- 264-0328,,,,,,,,,,,
618,일반음식점,대가식당, 청주시 서원구 내수동로 153 (사창동 (1층)), 043- 264-1150,,,,,,,,,,,
619,일반음식점,조은날 숯불고기, 청주시 서원구 창신로26번길 19  1층 (사창동), 043- 264-1377,,,,,,,,,,,
620,일반음식점,생클레어, 청주시 서원구 내수동로108번길 7  2층 (사창동), 043- 264-1555,,,,,,,,,,,
621,일반음식점,페리카나양념통닭, 청주시 서원구 1순환로 698 (사창동 (1층)), 043- 265-0338,,,,,,,,,,,
622,일반음식점,배터지는생돈까스, 청주시 서원구 모충로 59 (모충동 모충주공아파트2단지상가 102호), 043- 265-0692,,,,,,,,,,,
623,일반음식점,화양양꼬치, 청주시 서원구 1순환로672번길 45  3층 (사창동), 043- 265-9898,,,,,,,,,,,
624,일반음식점,토리덴, 청주시 서원구 1순환로672번길 30 (사창동 (1층)), 043- 265-9900,,,,,,,,,,,
625,일반음식점,소문난 손두부와 굴의만남, 청주시 서원구 내수동로 166  1층 (사창동), 043- 266-0089,,,,,,,,,,,
626,일반음식점,청룡족발, 청주시 서원구 창신로32번길 1 (사창동), 043- 266-2139,,,,,,,,,,,
627,일반음식점,고모네추어탕, 청주시 서원구 내수동로 132 (사창동 (1층)), 043- 266-3690,,,,,,,,,,,
628,일반음식점,착한칼국수, 청주시 서원구 모충로 81  1층 (모충동), 043- 266-4146,,,,,,,,,,,
629,일반음식점,청송얼음막걸리, 청주시 서원구 내수동로114번길 26 (사창동), 043- 266-4421,,,,,,,,,,,
630,일반음식점,맛이차이나, 청주시 서원구 모충로96번길 26  1층 (모충동), 043- 266-4663,,,,,,,,,,,
631,일반음식점,금수정, 청주시 서원구 내수동로 91 (사창동), 043- 266-5242,,,,,,,,,,,
632,일반음식점,장날순대, 청주시 서원구 창신로 30  1층 (사창동), 043- 266-5666,,,,,,,,,,,
633,일반음식점,보글보글 양푼이찌개, 청주시 서원구 1순환로1063번길 36  1층 (분평동), 043- 266-7779,,,,,,,,,,,
634,일반음식점,바푸리숯불김밥(사직점), 청주시 서원구 창직로 60  1층 (사직동  푸르지오캐슬4단지 상가동 114호), 043- 266-8777,,,,,,,,,,,
635,일반음식점,김밥천국, 청주시 서원구 1순환로 680 (사창동 (1층)), 043- 266-8998,,,,,,,,,,,
636,일반음식점,이올렛(EOLET), 청주시 서원구 내수동로 117 (사창동), 043- 266-9369,,,,,,,,,,,
637,일반음식점,소주신랑보쌈부인, 청주시 서원구 1순환로674번길 26  3층 (사창동), 043- 266-9916,,,,,,,,,,,
638,일반음식점,일번지포차, 청주시 서원구 1순환로672번길 33  2층 3층 (사창동), 043- 267-0279,,,,,,,,,,,
639,일반음식점,비바체, 청주시 서원구 1순환로 727 (개신동 (1층)), 043- 267-8255,,,,,,,,,,,
640,일반음식점,가마꿉, 청주시 서원구 모충로 18  드림빌딩 1층 (개신동), 043- 267-9289,,,,,,,,,,,
641,일반음식점,맛존 매콤 닭불고기, 청주시 서원구 1순환로672번길 51 (사창동  (1층)), 043- 267-9390,,,,,,,,,,,
642,일반음식점,빡시기호프&치킨, 청주시 서원구 내수동로 170 (사창동 (1층)), 043- 268-2023,,,,,,,,,,,
643,일반음식점,연정식당 , 청주시 서원구 모충로157번길 21 (사직동), 043- 268-2743,,,,,,,,,,,
644,일반음식점,자연을담은 돈까스(충북대점), 청주시 서원구 내수동로108번길 51  2층 (사창동), 043- 268-3366,,,,,,,,,,,
645,일반음식점,덕평리, 청주시 서원구 내수동로108번길 21  1층 (사창동), 043- 268-5778,,,,,,,,,,,
646,일반음식점,도담이네 닭계장, 청주시 서원구 창신로 23 (사창동 (1층)), 043- 268-5827,,,,,,,,,,,
647,일반음식점,몬스터피자앤펍, 청주시 서원구 내수동로 95 (사창동 (2층)), 043- 268-6200,,,,,,,,,,,
648,일반음식점,Kush(쿠쉬), 청주시 서원구 내수동로108번길 16 (사창동), 043- 268-7945,,,,,,,,,,,
649,일반음식점,왕큰손파닭(중문점), 청주시 서원구 내수동로 93  1층 (사창동), 043- 268-8292,,,,,,,,,,,
650,일반음식점,중원양꼬치, 청주시 서원구 내수동로114번길 39  1층 101호 (사창동  유정빌리지), 043- 268-9250,,,,,,,,,,,
651,일반음식점,빅 돈부리 충북대점, 청주시 서원구 1순환로674번길 62 (사창동 (1층)), 043- 268-9881,,,,,,,,,,,
652,일반음식점,이닭포차, 청주시 서원구 내수동로108번길 23 (사창동 (3층)), 043- 268-9911,,,,,,,,,,,
653,일반음식점,시장통닭, 청주시 서원구 창신로32번길 1  A동 1층 (사창동), 043- 268-9981,,,,,,,,,,,
654,일반음식점,대명관, 청주시 서원구 내수동로 136 (사창동), 043- 269-2079,,,,,,,,,,,
655,일반음식점,제천 보리밥, 청주시 서원구 창신로26번길 57-8 (사창동 (1층)), 043- 271-0297,,,,,,,,,,,
656,일반음식점,고당참숯소갈비살전문점, 청주시 서원구 모충로 105  1층 (모충동), 043- 271-2211,,,,,,,,,,,
657,일반음식점,송학갈비촌 , 청주시 서원구 1순환로674번길 38 (사창동), 043- 271-5045,,,,,,,,,,,
658,일반음식점,사일공, 청주시 서원구 내수동로108번길 18  2 3층 (사창동), 043- 272-0410,,,,,,,,,,,
659,일반음식점,한솥, 청주시 서원구 1순환로674번길 62  1층 (사창동), 043- 272-3383,,,,,,,,,,,
660,일반음식점,돌담식당 , 청주시 서원구 모충로96번길 15 (모충동), 043- 272-4149,,,,,,,,,,,
661,일반음식점,친구야, 청주시 서원구 모충로96번길 5-1 (모충동), 043- 272-5907,,,,,,,,,,,
662,일반음식점,빛내리, 청주시 서원구 내수동로 145  A동 1층 (사창동), 043- 272-7745,,,,,,,,,,,
663,일반음식점,지노, 청주시 서원구 내수동로108번길 15 (사창동 (2층)), 043- 272-7773,,,,,,,,,,,
664,일반음식점,술술포차, 청주시 서원구 모충로 59  1층 104호 (모충동  주공2단지 상가), 043- 272-7779,,,,,,,,,,,
665,일반음식점,엉터리치킨호프 , 청주시 서원구 모충로124번길 53  상가동 101호 (모충동  두산한솔아파트), 043- 272-9118,,,,,,,,,,,
666,일반음식점,청주빈대떡개신점, 청주시 서원구 장구봉로 128 (개신동 (1층)), 043- 272-9631,,,,,,,,,,,
667,일반음식점,간이역 모충점, 청주시 서원구 모충로 104  1층 (모충동), 043- 272-9792,,,,,,,,,,,
668,일반음식점,루 & 각, 청주시 서원구 1순환로672번길 54  지하1층 (사창동), 043- 273-0838,,,,,,,,,,,
669,일반음식점,척산면사무소국수, 청주시 서원구 남이면 척산2길 2  1층, 043- 273-1101,,,,,,,,,,,
670,일반음식점,그집에가면, 청주시 서원구 장구봉로 132  1층 (개신동), 043- 273-1117,,,,,,,,,,,
671,일반음식점,OB게이트호프레스토랑 , 청주시 서원구 청남로2005번길 54  지하1층 (분평동), 043- 273-2320,,,,,,,,,,,
672,일반음식점,고향순대, 청주시 서원구 내수동로 191 (사창동), 043- 273-2549,,,,,,,,,,,
673,일반음식점,辛(신) 후다닭발, 청주시 서원구 두꺼비로70번길 93  1층 (산남동), 043- 273-5959,,,,,,,,,,,
674,일반음식점,본죽모충점, 청주시 서원구 1순환로 771  1층 (개신동), 043- 273-6288,,,,,,,,,,,
675,일반음식점,육회관, 청주시 서원구 내수동로108번길 16  1층 (사창동), 043- 273-7442,,,,,,,,,,,
676,일반음식점,파닭파닭, 청주시 서원구 매봉로76번길 36 (수곡동), 043- 273-9222,,,,,,,,,,,
677,일반음식점,청춘반점, 청주시 서원구 1순환로674번길 38 (사창동), 043- 273-9254,,,,,,,,,,,
678,일반음식점,Burrito in(부리또 인)충북대점, 청주시 서원구 1순환로674번길 38 (사창동), 043- 273-9995,,,,,,,,,,,
679,일반음식점,장바우, 청주시 서원구 내수동로114번길 57 (사창동 (1층)), 043- 274-0002,,,,,,,,,,,
680,일반음식점,김아저씨돈까스 , 청주시 서원구 호국로9번길 6 (모충동), 043- 274-1343,,,,,,,,,,,
681,일반음식점,룸메이트, 청주시 서원구 1순환로674번길 24  2층 (사창동), 043- 274-1618,,,,,,,,,,,
682,일반음식점,한끼, 청주시 서원구 1순환로680번길 23 (사창동 (1층)), 043- 274-2457,,,,,,,,,,,
683,일반음식점,79대포 청주 충북대점, 청주시 서원구 1순환로672번길 41 (사창동), 043- 274-7732,,,,,,,,,,,
684,일반음식점,대박 치맥 포차, 청주시 서원구 모충로96번길 5-1 (모충동 (1층)), 043- 274-7889,,,,,,,,,,,
685,일반음식점,황가네솥뚜껑불고기, 청주시 서원구 창직로 96 (사직동), 043- 274-8479,,,,,,,,,,,
686,일반음식점,한조각, 청주시 서원구 내수동로108번길 43  1층 (사창동), 043- 274-8616,,,,,,,,,,,
687,일반음식점,모아만두, 청주시 서원구 창신로32번길 1 (사창동 (1층)), 043- 275-7309,,,,,,,,,,,
688,일반음식점,행복한만두, 청주시 서원구 모충로 98-1 (모충동), 043- 275-7566,,,,,,,,,,,
689,일반음식점,칭기스칸, 청주시 서원구 내수동로108번길 19 (사창동 (4층)), 043- 275-7888,,,,,,,,,,,
690,일반음식점,사막의하얀꽃, 청주시 서원구 내수동로108번길 19 (사창동 (2층)), 043- 275-9334,,,,,,,,,,,
691,일반음식점,한마음정육식당, 청주시 서원구 1순환로674번길 24  1층 (사창동), 043- 275-9492,,,,,,,,,,,
692,일반음식점,자매보리밥, 청주시 서원구 신율로 68 (개신동 (1층)), 043- 276-2247,,,,,,,,,,,
693,일반음식점,투다리, 청주시 서원구 창직로 19-1 (사창동), 043- 276-3635,,,,,,,,,,,
694,일반음식점,토배기, 청주시 서원구 창신로21번길 1 (사창동 (1층)), 043- 276-5665,,,,,,,,,,,
695,일반음식점,청춘상회, 청주시 서원구 1순환로672번길 48  1층 (사창동), 043- 276-6686,,,,,,,,,,,
696,일반음식점,대박촌식당, 청주시 서원구 내수동로 184  A동 2층 (사창동  토지합병으로 지번변경(2013.08.29)), 043- 276-8846,,,,,,,,,,,
697,일반음식점,누나홀닭(누구나홀딱반한닭)충북대점, 청주시 서원구 1순환로672번길 26  1 2층 (사창동), 043- 276-9292,,,,,,,,,,,
698,일반음식점,옛날왕만두, 청주시 서원구 창신로31번길 8 (사창동 (1층)), 043- 276-9297,,,,,,,,,,,
699,일반음식점,신가네칼국수, 청주시 서원구 1순환로648번길 38 (사창동 (1층)), 043- 277-1077,,,,,,,,,,,
700,일반음식점,의정부부대찌개, 청주시 서원구 내수동로 166 (사창동 외 1필지 (1층)), 043- 277-6030,,,,,,,,,,,
701,일반음식점,옥돌사시미, 청주시 서원구 장구봉로138번길 4 (개신동 (1층)), 043- 277-6987,,,,,,,,,,,
702,일반음식점,전설의불닭, 청주시 서원구 1순환로694번길 11  1층 (사창동), 043- 277-9233,,,,,,,,,,,
703,일반음식점,범벅골, 청주시 서원구 내수동로 97 (사창동 (지하1층)), 043- 278-0100,,,,,,,,,,,
704,일반음식점,상하이, 청주시 서원구 천수로 14-7  1층 (사창동), 043- 278-1100,,,,,,,,,,,
705,일반음식점,다래삼겹살&홍가네닭발, 청주시 서원구 모충로96번길 15  주공아파트 상가동 1층 107호 (모충동), 043- 285-6165,,,,,,,,,,,
706,일반음식점,참돈앤밥, 청주시 서원구 1순환로672번길 50 (사창동), 043- 295-1175,,,,,,,,,,,
707,일반음식점,짱만두, 청주시 서원구 창신로32번길 21  1층 (사창동), 043- 297-3389,,,,,,,,,,,
708,일반음식점,산골가마솥, 청주시 서원구 내수동로 129  1층 (사창동), 043- 297-7258,,,,,,,,,,,
709,일반음식점,보통의 국수집, 청주시 서원구 성봉로242번길 43  1층 (개신동), 043- 902-2760,,,,,,,,,,,
710,일반음식점,브라보퍼블릭골프개신점 그늘집, 청주시 서원구 성봉로 178  3층 (개신동), 043- 904-0707,,,,,,,,,,,
711,일반음식점,총각네 손 고추만두, 청주시 서원구 내수동로 140  1층 (사창동), 043- 905-6799,,,,,,,,,,,
712,일반음식점,뽀까치기, 청주시 서원구 신율로 49 (개신동 (114  115호)), 043-232 -4457,,,,,,,,,,,
713,일반음식점,까투리, 청주시 서원구 모충로96번길 16 (모충동), 043-2347- 625,,,,,,,,,,,
714,일반음식점,인도네팔레스토랑(First Nepal Restaurant), 청주시 서원구 내수동로114번길 7 (사창동 (2층)), 043-260 -5363,,,,,,,,,,,
715,일반음식점,빨봉분식충북대점, 청주시 서원구 1순환로672번길 51  2층 (사창동), 043-263 -7897,,,,,,,,,,,
716,일반음식점,모리스시, 청주시 서원구 1순환로 641-1 (사창동 (1층)), 043-264 -3579,,,,,,,,,,,
717,일반음식점,마루(회덮밥전문점), 청주시 서원구 1순환로672번길 62 (사창동 (1층)), 043-264 -5855,,,,,,,,,,,
718,일반음식점,도누가그릴2, 청주시 서원구 내수동로108번길 15 (사창동  (지하1층)), 043-265 -9300,,,,,,,,,,,
719,일반음식점,토리덴2, 청주시 서원구 1순환로672번길 30 (사창동 (1층)), 043-265 -9900,,,,,,,,,,,
720,일반음식점,돈스치킨, 청주시 서원구 성봉로169번길 41-4 (개신동 (1층)), 043-266 -9922,,,,,,,,,,,
721,일반음식점,비비큐(BBQ)사직.사창점, 청주시 서원구 창직로29번길 30 (사창동 (1층)), 043-269 -2244,,,,,,,,,,,
722,일반음식점,뉴욕야시장, 청주시 서원구 1순환로674번길 38 (사창동 (1층)), 043-271 -6692,,,,,,,,,,,
723,일반음식점,병정문어볼, 청주시 서원구 1순환로674번길 72 (사창동), 043-273 -5797,,,,,,,,,,,
724,일반음식점,비원, 청주시 서원구 내수동로 115 (사창동 (지하1층)), 070-4047-3515,,,,,,,,,,,
725,일반음식점,컴힐(COMHILL), 청주시 서원구 내수동로102번길 52  지하1층~1층 (사창동), 070-5067-0302,,,,,,,,,,,
726,일반음식점,베로분식에스프레소, 청주시 서원구 1순환로674번길 66 (사창동 (1층)), 070-8803-0590,,,,,,,,,,,
727,일반음식점,엉클스, 청주시 서원구 성봉로169번길 47-1 (개신동  (1층)), 070-8824-3039,,,,,,,,,,,
728,일반음식점,청천순대, 청주시 서원구 창직로 18 (사창동 외1필지(1층)), 070-8842-1848,,,,,,,,,,,
729,일반음식점,두메나산골, 청주시 서원구 내수동로 151 (사창동),043-266-7897,,,,,,,,,,,
730,일반음식점,원호연의뚝썩삼겹살, 청주시 서원구 1순환로704번길 42 (사창동 (1층)),043-272-9279,,,,,,,,,,,
731,일반음식점,종가대박집, 청주시 서원구 1순환로674번길 16 (사창동 (2층)),043-277-6284,,,,,,,,,,,
732,일반음식점,개신상회, 청주시 서원구 복대로17번길 7-31 (개신동 (2층)),,,,,,,,,,,,
733,일반음식점,포차플레잉, 청주시 서원구 1순환로 678  1층 (사창동),,,,,,,,,,,,
734,일반음식점,명제만두집, 청주시 서원구 내수동로 130 (사창동  (평화아파트 상가 1층 6호(106호))),,,,,,,,,,,,
735,일반음식점,스트릿츄러스 충북대점, 청주시 서원구 1순환로674번길 3  1층 (사창동),,,,,,,,,,,,
736,일반음식점,설빙충북대점, 청주시 서원구 1순환로674번길 3 (사창동 (2 3층)),,,,,,,,,,,,
737,일반음식점,부산할매수육국밥.냉면, 청주시 서원구 1순환로 669  1층 (사창동),,,,,,,,,,,,
738,일반음식점,코리아닭발, 청주시 서원구 1순환로680번길 5 (사창동 (1층)),,,,,,,,,,,,
739,일반음식점,김밥나라개신점, 청주시 서원구 모충로 17  1층 (개신동),,,,,,,,,,,,
740,일반음식점,열두시(12:00AM), 청주시 서원구 1순환로672번길 34  지하1층 (사창동),,,,,,,,,,,,
741,일반음식점,우즈벡임, 청주시 서원구 1순환로672번길 52 (사창동 (2층)),,,,,,,,,,,,
742,일반음식점,북경탕수육, 청주시 서원구 내수동로 130  상가동 103호 (사창동 평화아파트),,,,,,,,,,,,
743,일반음식점,압구정봉구비어개신점, 청주시 서원구 모충로 33-1 (개신동  외1필지(1층)),,,,,,,,,,,,
744,일반음식점,콤마, 청주시 서원구 1순환로 664  2층 (사창동),043 - 260-6250,,,,,,,,,,,
745,일반음식점,포항막회, 청주시 서원구 모충로 48-1  가2동 1층 (개신동),043 -216 -6696,,,,,,,,,,,
746,일반음식점,페리카나피친호프, 청주시 서원구 장구봉로 130 (개신동 (1층)),043 -218 -9292,,,,,,,,,,,
747,일반음식점,현고들깨손칼국수, 청주시 서원구 성봉로220번길 16  가동 1층 (개신동),043 -221 -4003,,,,,,,,,,,
748,일반음식점,신반장의 한양 참숯 뒷고기, 청주시 서원구 1순환로648번길 5-3  1층 (사창동),043 -222 -6066,,,,,,,,,,,
749,일반음식점,이조가, 청주시 서원구 복대로 15  1층 (개신동),043 -223 -3350,,,,,,,,,,,
750,일반음식점,김밥천국, 청주시 서원구 복대로 27  1층 103호 (개신동),043 -231 -1377,,,,,,,,,,,
,,,,,,,,,,,,,,,
751,일반음식점,피자헛 청주가경점, 청주시 서원구 복대로 13  1층 101 일부호 (개신동),043 -231 -3697,36.6184057,127.4436329,https://store.naver.com/restaurants/detail?id=432679442&tab=main,18000,피자,,,,,,
752,일반음식점,피자마루(가경.개신1호점), 청주시 서원구 경신로 31-30  104호 (개신동),043 -232 -1082,36.620968,127.4441507,https://store.naver.com/restaurants/detail?id=13328607&tab=menu#_tab,6900,피자,,,,,,
753,일반음식점,일순이네 매운양념 왕족발 보쌈, 청주시 서원구 복대로17번길 27  1층 102호 (개신동  어웰빌리지),043 -232 -1278,,,,,,,,,,,
754,일반음식점,친구네, 청주시 서원구 경신로 33  1층 (개신동),043 -232 -1531,,,,,,,,,,,
755,일반음식점,대게나라, 청주시 서원구 성봉로 155  1층 (개신동),043 -232 -1992,36.6191697,127.4490294,https://store.naver.com/restaurants/detail?id=37247679,6900,대게 킹크랩 랍스타,,,,,,
756,일반음식점,모녀가굽는고기, 청주시 서원구 신율로 2  1층 (개신동),043 -233 -0761,,,,,,,,,,,
757,일반음식점,성화루, 청주시 서원구 성봉로169번길 47-26  1층 (개신동),043 -233 -3887,,,,,,,,,,,
758,일반음식점,맘죽, 청주시 서원구 경신로 31-4  1층 (개신동),043 -234 -3501,,,,,,,,,,,
759,일반음식점,백천횟집, 청주시 서원구 신율로53번길 10  1층 (개신동),043 -235 -1284,,,,,,,,,,,
760,일반음식점,증평은성집, 청주시 서원구 신율로53번길 12 (개신동  (1층)),043 -235 -1588,36.6228341,127.4441803,https://store.naver.com/restaurants/detail?id=17483566,6000,순대국밥 매운치즈곱창 곱창전골,,,,,,
761,일반음식점,우리아빠닭강정, 청주시 서원구 복대로 31  갤러리타워 110호 (개신동),043 -235 -3215,,,,,,,,,,,
762,일반음식점,안면도바지락칼국수, 청주시 서원구 성봉로169번길 47-5  1층 (개신동),043 -235 -5264,36.6191368,127.4467949,https://store.naver.com/restaurants/detail?id=21325630,6000,바지락칼국수 들깨칼국수 칼만두 부대찌개,,,,,,
763,일반음식점,만두랑 칼국수, 청주시 서원구 복대로 7  1층 107호 (개신동),043 -235 -5454,36.617921,127.4438633,https://store.naver.com/restaurants/detail?id=37795826,4000,고기만두 김치만두 칼국수 칼만두국,,,,,,
764,일반음식점,미슬도해녀물회, 청주시 서원구 성봉로 90  상가동 1층 106호 (성화동  성화주공1단지아파트),043 -235 -9273,,,,,,,,,,,
765,일반음식점,뚝배기식당, 청주시 서원구 복대로 19  1층 101호 (개신동  매직타워),043 -236 -1156,,,,,,,,,,,
766,일반음식점,더존김밥, 청주시 서원구 경신로 65  청주개신주공(1)단지 상가A동 1층 103호 (개신동),043 -236 -2287,,,,,,,,,,,
767,일반음식점,엠알(MR)호프, 청주시 서원구 복대로17번길 27  1층 101호 (개신동  어웰빌리지),043 -236 -2700,,,,,,,,,,,
768,일반음식점,무한美(미)소, 청주시 서원구 신율로53번길 4 (개신동 (1층)),043 -236 -7647,,,,,,,,,,,
769,일반음식점,명품유황오리, 청주시 서원구 성봉로 167  1층 (개신동),043 -236 -7750,36.6201416,127.4487353,https://store.naver.com/restaurants/detail?id=36639720,45000,유황오리탕 유황오리백숙 유황오리능이백숙,,,,,,
770,일반음식점,강유진 화닭 개신점, 청주시 서원구 신율로 59-1  1층 (개신동),043 -236 -7953,36.6233091,127.4447773,https://store.naver.com/restaurants/detail?id=1627673737,12000,숯불양념닭갈비 숯불간장닭갈비 숯불돼지갈비 숯불무뼈닭발,,,,,,
771,일반음식점,홍어전문점 홍어사랑, 청주시 서원구 성봉로169번길 33-15  1층 (개신동),043 -237 -1003,,,,,,,,,,,
772,일반음식점,국민포차, 청주시 서원구 모충로 17  1층 (개신동),043 -237 -2624,,,,,,,,,,,
773,일반음식점,프렌즈호프치킨, 청주시 서원구 모충로96번길 14  1층 (모충동),043 -237 -2672,,,,,,,,,,,
774,일반음식점,서리서리 멸치국수 개신성화점, 청주시 서원구 복대로 7  대상마스터빌딩 1층 110호 (개신동),043 -237 -5519,36.6178483,127.4436873,https://store.naver.com/restaurants/detail?id=1245367171,4500,멸치국수 비빔국수 어묵국수 김치말이국수 김밥,,,,,,
775,일반음식점,다누끼, 청주시 서원구 복대로 19  1층 107호 (개신동  매직타워),043 -237 -6360,36.6190917,127.4434336,https://store.naver.com/restaurants/detail?id=36768459,8000,일본식순살돈까스 생선초밥 모둠회덮밥,,,,,,
776,일반음식점,반도수산, 청주시 서원구 성봉로 167  1층 (개신동),043 -237 -8859,,,,,,,,,,,
777,일반음식점,소문난춘천닭갈비, 청주시 서원구 경신로 32-3  1층 (개신동),043 -238 -1255,36.6203,127.4438217,https://store.naver.com/restaurants/detail?id=17403920,11000,뼈없는닭갈비 삼겹살닭갈비 쭈꾸미닭갈비,,,,,,
778,일반음식점,노군꼬치개신점, 청주시 서원구 신율로 49  1층 104호 (개신동  레몬타워),043 -258 -9282,,,,,,,,,,,
779,일반음식점,단골손님, 청주시 서원구 1순환로672번길 42  1층 (사창동),043 -260 -0486,36.6329923,127.4555746,https://store.naver.com/restaurants/detail?id=1615056877,13000,얼큰만두전골 떡볶이전골 돼지김치전골,,,,,,
780,일반음식점,대박뒷고기, 청주시 서원구 예체로67번길 24  1층 (사창동),043 -260 -1226,36.6323831,127.4651057,https://store.naver.com/restaurants/detail?id=1849901202,10000,뒷고기 덜미살 돼지막창,,,,,,
781,일반음식점,고래해물포차, 청주시 서원구 내수동로 167  1층 (사창동),043 -260 -1472,,,,,,,,,,,
782,일반음식점,한남동 그집(충북대점), 청주시 서원구 1순환로672번길 45  2층 (사창동),043 -260 -2080,,,,,,,,,,,
783,일반음식점,일미리 금계찜닭, 청주시 서원구 1순환로622번길 3  1층 (사창동),043 -260 -2672,,,,,,,,,,,
784,일반음식점,그날의 분위기, 청주시 서원구 1순환로672번길 51  3층 (사창동),043 -260 -2692,,,,,,,,,,,
785,일반음식점,치킨더홈(사창점), 청주시 서원구 창직로 13-2  1층 (사창동),043 -260 -3231,36.6309029,127.4611038,https://store.naver.com/restaurants/detail?id=1432990460,16000,치킨,,,,,,
786,일반음식점,간바레  간바로우!, 청주시 서원구 1순환로709번길 6  1층 (사창동),043 -260 -4464,36.6302769,127.460065,https://store.naver.com/restaurants/detail?id=1563463422,8000,돈코츠라멘 생연어초밥,,,,,,
787,일반음식점,봉대박스파게티 충북대점, 청주시 서원구 내수동로102번길 36  2층 (사창동),043 -260 -4650,,,,,,,,,,,
788,일반음식점,눈물떡볶이, 청주시 서원구 천수로17번길 3  1층 (사창동),043 -260 -8282,,,,,,,,,,,
789,일반음식점,주막집, 청주시 서원구 1순환로 662 (사창동 (지하1층)),043 -260 -8448,,,,,,,,,,,
790,일반음식점,해송족발, 청주시 서원구 모충로 43  1층 (개신동),043 -260 -8939,,,,,,,,,,,
791,일반음식점,킴스부리또, 청주시 서원구 내수동로 143  2층 (사창동),043 -260 -9250,36.6344981,127.4562752,http://kimsburritos.7x7.kr/,4000,치킨스테이크부리또 데리야끼치킨부리또 비프부리또,,,,,,
792,일반음식점,삼거리 포장마차, 청주시 서원구 1순환로672번길 17  1층 (사창동),043 -260 -9293,,,,,,,,,,,
793,일반음식점,효경식당, 청주시 서원구 장구봉로 136 (개신동 (1층)),043 -260 -9904,36.6244634,127.4461219,https://store.naver.com/restaurants/detail?id=32350043,19000,닭볶음탕 닭발 닭갈비,,,,,,
794,일반음식점,우리집칼국수, 청주시 서원구 봉명로 236 (사창동  (1층)),043 -262 -0055,,,,,,,,,,,
795,일반음식점,한가네짬뽕, 청주시 서원구 1순환로672번길 53  2층 (사창동),043 -262 -0410,36.6323845,127.4552367,https://store.naver.com/restaurants/detail?id=37944259,5500,짬뽕 사천짬뽕 짜장면 쟁반짜장,,,,,,
796,일반음식점,맵닭과 사거리포차, 청주시 서원구 1순환로704번길 73  1층 (사창동),043 -262 -0978,,,,,,,,,,,
797,일반음식점,햇살머믄 꼬마김밥 사창점, 청주시 서원구 내수동로 165-1  1층 (사창동),043 -262 -1919,,,,,,,,,,,
798,일반음식점,뽈엔막뒷고기, 청주시 서원구 창신로 43  1층 (사창동),043 -262 -2322,,,,,,,,,,,
799,일반음식점,포차데이데이데이, 청주시 서원구 내수동로108번길 22  1층 (사창동),043 -262 -2327,,,,,,,,,,,
800,일반음식점,포차데이데이데이2, 청주시 서원구 내수동로108번길 22  2층 (사창동),043 -262 -2327,,,,,,,,,,,
801,일반음식점,화랑각, 청주시 서원구 봉명로132번길 31  1층 (사창동),043 -262 -2592,36.6374146,127.4545428,https://store.naver.com/restaurants/detail?id=38298647,6000,짜장면 짬뽕 볶음밥 우동,,,,,,
802,일반음식점,큰손칼국수.보쌈, 청주시 서원구 내수동로 145 (사창동 A동 (1층)),043 -262 -2888,36.6343417,127.461155,https://store.naver.com/restaurants/detail?id=358035935,6000,손칼국수 수제돈까스,,,,,,
803,일반음식점,김가네닭발, 청주시 서원구 모충로 92-1  1층 (모충동),043 -262 -3393,,,,,,,,,,,
804,일반음식점,배마루, 청주시 서원구 1순환로674번길 12 (사창동  (3층)),043 -262 -3680,36.6333373,127.4576576,https://store.naver.com/restaurants/detail?id=1724581684,8500,왕갈비탕 짜글짜글이 묵은지갈비찌개 버섯야채전골,,,,,,
805,일반음식점,놀부부대찌개철판구이중문점, 청주시 서원구 내수동로114번길 9  1층 (사창동),043 -262 -7890,,,,,,,,,,,
806,일반음식점,무노, 청주시 서원구 1순환로 682 (사창동 (3층)),043 -262 -8068,,,,,,,,,,,
807,일반음식점,와룡중화요리, 청주시 서원구 모충로96번길 15 (모충동  주공아파트 상가동 104호(1층)),043 -262 -9393,36.6268793,127.4717232,https://store.naver.com/restaurants/detail?id=1052320336,2500,짜장면 간짜장 홍합짬뽕 홍합우동,,,,,,
808,일반음식점,로얄생고기, 청주시 서원구 봉명로 238-1  1층 (사창동),043 -262 -9712,36.6398653,127.4657514,https://smartstore.naver.com/royalmeat,12000,삼겹살 목살 항정살 한점살,,,,,,
809,일반음식점,통비어, 청주시 서원구 신율로 49  레몬타워 1층 112호 (개신동),043 -263 -0023,,,,,,,,,,,
810,일반음식점,아우성포차, 청주시 서원구 모충로 86  1층 (모충동),043 -263 -0097,,,,,,,,,,,
811,일반음식점,서당골, 청주시 서원구 1순환로674번길 12 (사창동  (2층)),043 -263 -0188,36.6333373,127.4576576,https://store.naver.com/restaurants/detail?id=1173765583,10000,서당특선(한정식) 게장백반 게장무한리필,,,,,,
812,일반음식점,올갱이해장국, 청주시 서원구 모충로25번길 8  1층 (개신동),043 -263 -1133,36.6253891,127.4645478,https://store.naver.com/restaurants/detail?id=1197599917,7000,올갱이해장국 올갱이 칼국수 올갱이비빔밥 올갱이 수제비,,,,,,
813,일반음식점,수산시장, 청주시 서원구 장구봉로 148 (개신동 (1층)),043 -263 -1541,,,,,,,,,,,
814,일반음식점,아름 정육식당, 청주시 서원구 예체로7번길 1  1층 (개신동),043 -263 -2489,,,,,,,,,,,
815,일반음식점,고기구이마을, 청주시 서원구 신율로 49  1층 109호 110호 111호 (개신동  개신동레몬타워),043 -263 -2600,36.6225129,127.444499,https://store.naver.com/restaurants/detail?id=35066822,13900,무한리필삼겹살,,,,,,
816,일반음식점,우리집밥상, 청주시 서원구 내수동로 125 (사창동  (1층)),043 -263 -3999,36.6342311,127.4590133,https://store.naver.com/restaurants/detail?id=123376180,6000,가정식백반 김치찌개 제육볶음 갈비탕,,,,,,
817,일반음식점,일미분식, 청주시 서원구 창직로 110  1층 (사직동),043 -263 -4238,,,,,,,,,,,
818,일반음식점,뒷풀이, 청주시 서원구 내수동로 130 (사창동  평화아파트상가 (1층9호)),043 -263 -5842,,,,,,,,,,,
819,일반음식점,서울닭발, 청주시 서원구 모충로25번길 20  1층 (개신동),043 -263 -6258,36.6259039,127.4644034,https://store.naver.com/restaurants/detail?id=21031473,10000,매운닭발 뼈없는닭발 닭똥집볶음 파전,,,,,,
820,일반음식점,반가네, 청주시 서원구 1순환로674번길 12  1층 (사창동),043 -263 -6390,,,,,,,,,,,
821,일반음식점,육쌈냉면 충북대점, 청주시 서원구 1순환로672번길 64 (사창동  (2층)),043 -263 -6392,36.6321718,127.4548334,https://store.naver.com/restaurants/detail?id=21290001,6000,숯불고기+냉면,,,,,,
822,일반음식점,여기또오리, 청주시 서원구 성봉로 215  1층 (개신동),043 -263 -8266,,,,,,,,,,,
823,일반음식점,명사순대 청주개신점, 청주시 서원구 성봉로220번길 171  1층 (개신동),043 -263 -9222,,,,,,,,,,,
824,일반음식점,여섯주울, 청주시 서원구 내수동로 93 (사창동 (지하1층)),043 -263 -9459,,,,,,,,,,,
825,일반음식점,면세상, 청주시 서원구 창직로12번길 38  1층 (사창동),043 -263 -9609,,,,,,,,,,,
826,일반음식점,맥주바켓충북대점, 청주시 서원구 1순환로672번길 35  지하1층 (사창동),043 -264 -0062,,,,,,,,,,,
827,일반음식점,마쯔리, 청주시 서원구 내수동로108번길 27  1층 (사창동),043 -264 -0100,,,,,,,,,,,
828,일반음식점,부먹찍먹걍먹, 청주시 서원구 1순환로704번길 42-1  1층 (사창동),043 -264 -0707,36.6319159,127.4574126,https://store.naver.com/restaurants/detail?id=1011128166,17900,탕수육,,,,,,
829,일반음식점,대령숙수추어탕, 청주시 서원구 모충로 42  1층 (개신동),043 -264 -3800,,,,,,,,,,,
830,일반음식점,한복임한상차림, 청주시 서원구 모충로104번길 68-1  1층 (모충동),043 -264 -3874,,,,,,,,,,,
831,일반음식점,본도시락 충북대점, 청주시 서원구 1순환로 700  1층 (사창동),043 -264 -4282,,,,,,,,,,,
832,일반음식점,청담동 말자싸롱, 청주시 서원구 모충로 13  1층 (개신동),043 -264 -7726,,,,,,,,,,,
833,일반음식점,672 F&B, 청주시 서원구 1순환로672번길 53  1층 (사창동),043 -264 -7788,,,,,,,,,,,
834,일반음식점,우일순대, 청주시 서원구 창신로31번길 11 (사창동 외 1필지(1층)),043 -265 -2097,,,,,,,,,,,
835,일반음식점,착한(생)고기&쭈꾸미, 청주시 서원구 창직로12번길 88  1층 (개신동),043 -265 -2220,,,,,,,,,,,
836,일반음식점,피치버스, 청주시 서원구 1순환로648번길 5  1층 (사창동),043 -265 -2224,,,,,,,,,,,
837,일반음식점,부어치킨개신동점, 청주시 서원구 모충로 38  상가동 101호 (개신동  두진백로아파트),043 -265 -3133,,,,,,,,,,,
838,일반음식점,도니스토리, 청주시 서원구 내수동로108번길 19  1층 (사창동),043 -265 -3392,,,,,,,,,,,
839,일반음식점,육회지존, 청주시 서원구 1순환로704번길 78 (사창동 (1층)),043 -265 -4785,,,,,,,,,,,
840,일반음식점,백스비어 충북대중문점, 청주시 서원구 1순환로672번길 41  2층 (사창동),043 -265 -6568,,,,,,,,,,,
841,일반음식점,맘스터치충대점, 청주시 서원구 1순환로 682  1층  SHOP #103호 (사창동  씨네타운),043 -265 -7770,,,,,,,,,,,
842,일반음식점,울대마을, 청주시 서원구 성봉로220번길 51 (개신동  2),043 -265 -8826,,,,,,,,,,,
843,일반음식점,도누가그릴, 청주시 서원구 내수동로108번길 15  1층 (사창동),043 -265 -9300,,,,,,,,,,,
844,일반음식점,맘스터치 충대중문점, 청주시 서원구 내수동로102번길 36  1층 (사창동),043 -265 -9770,,,,,,,,,,,
845,일반음식점,제주바다, 청주시 서원구 모충로 19  1층 (개신동),043 -265 -9998,,,,,,,,,,,
846,일반음식점,미팅룸, 청주시 서원구 1순환로672번길 25  1층 (사창동  덕현빌딩),043 -266 -0369,,,,,,,,,,,
847,일반음식점,아이벗치킨, 청주시 서원구 예체로 96  1층 (사창동),043 -266 -0806,,,,,,,,,,,
848,일반음식점,1905자이언트몬스터피자인펍, 청주시 서원구 1순환로704번길 63  지하1층 (사창동),043 -266 -1905,,,,,,,,,,,
849,일반음식점,투다리개신점, 청주시 서원구 모충로 39  1층 (개신동),043 -266 -2483,,,,,,,,,,,
850,일반음식점,끼니, 청주시 서원구 내수동로 164  1층 (사창동),043 -266 -2688,,,,,,,,,,,
851,일반음식점,일미닭갈비 파전, 청주시 서원구 내수동로108번길 28  1층 (사창동),043 -266 -3212,,,,,,,,,,,
852,일반음식점,삼이3.2해장국, 청주시 서원구 내수동로 109  1층 (사창동),043 -266 -3232,,,,,,,,,,,
853,일반음식점,라라부엌, 청주시 서원구 창직로 47  1  2층 (사창동),043 -266 -3616,,,,,,,,,,,
854,일반음식점,옛날주막집, 청주시 서원구 내수동로 174  1층 (사창동),043 -266 -3949,,,,,,,,,,,
855,일반음식점,통큰, 청주시 서원구 천수로8번길 1  1층 (사창동),043 -266 -5969,,,,,,,,,,,
856,일반음식점,코다차야 청주점, 청주시 서원구 1순환로672번길 31  2층 (사창동),043 -266 -6626,,,,,,,,,,,
857,일반음식점,COSMOS(코스모스)우주, 청주시 서원구 1순환로 680  2층 (사창동),043 -266 -6728,,,,,,,,,,,
858,일반음식점,백정, 청주시 서원구 1순환로672번길 62  2층 (사창동),043 -266 -7377,,,,,,,,,,,
859,일반음식점,술꾼, 청주시 서원구 1순환로739번길 15  1층 (개신동),043 -266 -8180,,,,,,,,,,,
860,일반음식점,그냥밥집, 청주시 서원구 1순환로709번길 5 (사창동  (1층)),043 -266 -8241,,,,,,,,,,,
861,일반음식점,피자꽁떼(모충점), 청주시 서원구 모충로96번길 24 (모충동  1층),043 -266 -8284,,,,,,,,,,,
862,일반음식점,부산오뎅, 청주시 서원구 내수동로114번길 21 (사창동 (1층)),043 -266 -8394,,,,,,,,,,,
863,일반음식점,칠돼지순대, 청주시 서원구 내수동로108번길 26  1층 (사창동),043 -266 -8877,,,,,,,,,,,
864,일반음식점,쿠시야, 청주시 서원구 1순환로672번길 41  1층 (사창동),043 -266 -9081,,,,,,,,,,,
865,일반음식점,참숯계림닭갈비, 청주시 서원구 모충로 31  1층 (개신동),043 -266 -9222,,,,,,,,,,,
866,일반음식점,오자네왔는가개신점, 청주시 서원구 성봉로169번길 47-8  1층 (개신동),043 -266 -9920,,,,,,,,,,,
867,일반음식점,한신포차(충북대중문점), 청주시 서원구 1순환로672번길 19  1층 (사창동),043 -266 -9992,,,,,,,,,,,
868,일반음식점,부엌동자, 청주시 서원구 성봉로220번길 47-26  1층 (개신동),043 -266 -9999,,,,,,,,,,,
869,일반음식점,태영숯불갈비, 청주시 서원구 내수동로 169  1층 (사창동),043 -267 -0631,,,,,,,,,,,
870,일반음식점,힘찬낙지, 청주시 서원구 예체로67번길 62  1층 (사창동),043 -267 -1006,,,,,,,,,,,
871,일반음식점,에스텔 세계맥주, 청주시 서원구 창신로22번길 65-10  101동 1층 101호 (사창동  에스텔HOUSE),043 -267 -1055,,,,,,,,,,,
872,일반음식점,쩔어떡볶이, 청주시 서원구 내수동로 103  1 2층 (사창동),043 -267 -1182,,,,,,,,,,,
873,일반음식점,햇살생고기정육식당, 청주시 서원구 성봉로 174  1층 (개신동),043 -267 -1600,,,,,,,,,,,
874,일반음식점,네네치킨개신점, 청주시 서원구 신율로 61  1층 (개신동),043 -267 -2008,,,,,,,,,,,
875,일반음식점,토스트굽는사람들, 청주시 서원구 모충로 17 (개신동  1층),043 -267 -2223,,,,,,,,,,,
876,일반음식점,이가네왕숯불갈비 , 청주시 서원구 예체로 15  1층 (개신동),043 -267 -2929,,,,,,,,,,,
877,일반음식점,산이포차, 청주시 서원구 모충로 63  1층 (모충동),043 -267 -3392,,,,,,,,,,,
878,일반음식점,참치매니아, 청주시 서원구 모충로25번길 9  1층 (개신동),043 -267 -3747,,,,,,,,,,,
879,일반음식점,우리식당, 청주시 서원구 내수동로 170  1층 (사창동),043 -267 -3777,,,,,,,,,,,
880,일반음식점,본토막창, 청주시 서원구 모충로35번길 6 (개신동),043 -267 -4348,,,,,,,,,,,
881,일반음식점,맘스치킨사직점, 청주시 서원구 창직로 90  1층 (사직동),043 -267 -5592,,,,,,,,,,,
882,일반음식점,25시해장국, 청주시 서원구 모충로26번길 5  1층 (개신동),043 -267 -5677,,,,,,,,,,,
883,일반음식점,아쭈, 청주시 서원구 예체로1번길 19  1층 (개신동),043 -267 -6290,,,,,,,,,,,
884,일반음식점,월드푸드, 청주시 서원구 모충로 157  2층 (모충동),043 -267 -7612,,,,,,,,,,,
885,일반음식점,적적, 청주시 서원구 내수동로 130  1층 상가 1호 (사창동  평화아파트),043 -267 -7959,,,,,,,,,,,
886,일반음식점,꼬꼬맨치킨, 청주시 서원구 성봉로 226-15  1층 (개신동),043 -267 -8082,,,,,,,,,,,
887,일반음식점,용궁해물, 청주시 서원구 창직로 112-4  1층 (사직동),043 -267 -8285,,,,,,,,,,,
888,일반음식점,큰통치킨 사창점, 청주시 서원구 창직로 8  1층 103호 (사창동),043 -267 -8292,,,,,,,,,,,
889,일반음식점,신용한우정육점사창점, 청주시 서원구 창신로 40  1층 (사창동),043 -267 -8419,,,,,,,,,,,
890,일반음식점,까꿍떡볶이, 청주시 서원구 내수동로 101 (사창동  (1층)),043 -267 -9393,,,,,,,,,,,
891,일반음식점,청주마당쇠떡갈비, 청주시 서원구 성봉로 211 (개신동  (1층)),043 -267 -9777,,,,,,,,,,,
892,일반음식점,뿌리, 청주시 서원구 모충로 49 (개신동 (지하1층)),043 -268 -0011,,,,,,,,,,,
893,일반음식점,쉐인, 청주시 서원구 봉명로228번길 3 (사창동 (1층)),043 -268 -0668,,,,,,,,,,,
894,일반음식점,삼겹돼학교, 청주시 서원구 내수동로 125-1  1층 (사창동),043 -268 -1019,,,,,,,,,,,
895,일반음식점,부대통령뚝배기 충북대중문점, 청주시 서원구 내수동로102번길 46  2층 (사창동),043 -268 -1588,,,,,,,,,,,
896,일반음식점,세뚜리동죽칼국수, 청주시 서원구 내수동로 161  1층 (사창동),043 -268 -1867,,,,,,,,,,,
897,일반음식점,아르떼 충북대점, 청주시 서원구 내수동로102번길 54  1층 (사창동),043 -268 -2282,,,,,,,,,,,
898,일반음식점,옥향, 청주시 서원구 창신로32번길 48  1층 (사창동),043 -268 -2879,,,,,,,,,,,
899,일반음식점,돈뭉치줘유, 청주시 서원구 모충로 43  1층 (개신동),043 -268 -3303,,,,,,,,,,,
900,일반음식점,와와떡볶이, 청주시 서원구 1순환로672번길 26 (사창동  (1층)),043 -268 -3328,,,,,,,,,,,
901,일반음식점,이루다낙곱새전문점, 청주시 서원구 1순환로672번길 7  2층 (사창동),043 -268 -5525,,,,,,,,,,,
902,일반음식점,첨, 청주시 서원구 1순환로672번길 34  3층 (사창동),043 -268 -6647,,,,,,,,,,,
903,일반음식점,꾼떡, 청주시 서원구 창직로35번길 6 (사창동  (1층)),043 -268 -7779,,,,,,,,,,,
904,일반음식점,청춘국물닭발, 청주시 서원구 1순환로694번길 13  1층 (사창동  고은빌),043 -268 -9282,,,,,,,,,,,
905,일반음식점,반객, 청주시 서원구 성봉로 186  1층 (개신동),043 -268 -9500,,,,,,,,,,,
906,일반음식점,사탄곱창, 청주시 서원구 창신로25번길 6 (사창동 (1층)),043 -269 -0538,,,,,,,,,,,
907,일반음식점,해물 너. 찜했어, 청주시 서원구 장구봉로 140  1층 (개신동),043 -269 -1259,,,,,,,,,,,
908,일반음식점,오징어바다, 청주시 서원구 내수동로114번길 18  1층 (사창동),043 -269 -2588,,,,,,,,,,,
909,일반음식점,주거래처, 청주시 서원구 1순환로674번길 21  1층 (사창동),043 -269 -3304,,,,,,,,,,,
910,일반음식점,충북대학교병원장례예식장, 청주시 서원구 1순환로 776  지하1층 1층 2층 (개신동),043 -269 -6467,,,,,,,,,,,
911,일반음식점,공차 충북대점, 청주시 서원구 1순환로672번길 64  1층 (사창동),043 -271 -0707,,,,,,,,,,,
912,일반음식점,라 쿵푸, 청주시 서원구 1순환로680번길 23 (사창동  (1층)),043 -271 -1007,,,,,,,,,,,
913,일반음식점,역전할머니 맥주(충북대점), 청주시 서원구 1순환로704번길 75  1층 (사창동),043 -271 -1318,,,,,,,,,,,
914,일반음식점,이가식당버섯전문점, 청주시 서원구 예체로1번길 11  1층 (개신동),043 -271 -1439,,,,,,,,,,,
915,일반음식점,빈잔의 자유, 청주시 서원구 모충로 27-1  2층 (개신동),043 -271 -2015,,,,,,,,,,,
916,일반음식점,쉬갈, 청주시 서원구 모충로96번길 10  1층 (모충동  453-13),043 -271 -2086,,,,,,,,,,,
917,일반음식점,평양28(이십팔), 청주시 서원구 모충로25번길 23  1층 (개신동),043 -271 -3232,,,,,,,,,,,
918,일반음식점,평민닭발 충북대2호점, 청주시 서원구 내수동로114번길 36  1층 (사창동),043 -271 -3311,,,,,,,,,,,
919,일반음식점,에덴, 청주시 서원구 창신로 43  1층 (사창동),043 -271 -5252,,,,,,,,,,,
920,일반음식점,Routine759(루틴759), 청주시 서원구 1순환로 759  1층 (개신동),043 -271 -7040,,,,,,,,,,,
921,일반음식점,동해반점, 청주시 서원구 창신로25번길 6 (사창동 (1층)),043 -271 -8080,,,,,,,,,,,
922,일반음식점,숯겹살집개신점, 청주시 서원구 예체로7번길 45  1층 (개신동),043 -271 -8747,,,,,,,,,,,
923,일반음식점,북경깐풍기, 청주시 서원구 내수동로108번길 40  1층 (사창동),043 -272 -0066,,,,,,,,,,,
924,일반음식점,버거킹충북대점, 청주시 서원구 1순환로 665-1  A동 1  2층 (사창동),043 -272 -0332,,,,,,,,,,,
925,일반음식점,동래관, 청주시 서원구 1순환로674번길 26  1층 (사창동),043 -272 -1799,,,,,,,,,,,
926,일반음식점,작은마을 영양촌, 청주시 서원구 성봉로 190  1층 (개신동),043 -272 -1849,,,,,,,,,,,
927,일반음식점,피아노룸블링, 청주시 서원구 1순환로672번길 26  3층 (사창동),043 -272 -2088,,,,,,,,,,,
928,일반음식점,피아노룸블링Ⅱ, 청주시 서원구 1순환로672번길 26  4층 (사창동),043 -272 -2088,,,,,,,,,,,
929,일반음식점,일방통행국물떡볶이&화덕피자, 청주시 서원구 내수동로 130  1층 5호 (사창동  평화아파트),043 -272 -2277,,,,,,,,,,,
930,일반음식점,송림갈비, 청주시 서원구 장구봉로144번길 4  1층 (개신동),043 -272 -2550,,,,,,,,,,,
931,일반음식점,바다향, 청주시 서원구 내수동로 136  1층 (사창동),043 -272 -3288,,,,,,,,,,,
932,일반음식점,닭발에소주한잔, 청주시 서원구 내수동로 167 (사창동  (1층)),043 -272 -3331,,,,,,,,,,,
933,일반음식점,봉추찜닭(충대중문점), 청주시 서원구 내수동로114번길 7  1층 (사창동),043 -272 -3539,,,,,,,,,,,
934,일반음식점,옛날할머니보리밥집, 청주시 서원구 내수동로 165-1  1층 (사창동),043 -272 -4726,,,,,,,,,,,
935,일반음식점,대구반야월막창모충점, 청주시 서원구 모충로 59 (모충동 주공상가106호),043 -272 -9282,,,,,,,,,,,
936,일반음식점,지코바치킨, 청주시 서원구 성봉로 226-19  1층 (개신동),043 -272 -9295,,,,,,,,,,,
937,일반음식점,너구리, 청주시 서원구 1순환로672번길 49  2층 (사창동),043 -272 -9500,,,,,,,,,,,
938,일반음식점,자담치킨&호프 Cafe (개신점), 청주시 서원구 성봉로 230-21  1층 (개신동),043 -272 -9982,,,,,,,,,,,
939,일반음식점,꼬부리, 청주시 서원구 1순환로674번길 58  1층 (사창동),043 -272 -9988,,,,,,,,,,,
940,일반음식점,대학통닭, 청주시 서원구 내수동로 136 (사창동 266-3.270-3),043 -273 -1272,,,,,,,,,,,
941,일반음식점,부산꼼장어, 청주시 서원구 모충로 59 (모충동 주공2단지상가 103호),043 -273 -1884,,,,,,,,,,,
942,일반음식점,한마음정육식당Ⅱ, 청주시 서원구 1순환로674번길 24  1층 (사창동),043 -273 -1890,,,,,,,,,,,
943,일반음식점,이찌방, 청주시 서원구 1순환로672번길 33  1층 (사창동),043 -273 -2030,,,,,,,,,,,
944,일반음식점,북경24시, 청주시 서원구 모충로 111  1층 (모충동),043 -273 -2101,,,,,,,,,,,
945,일반음식점,개신동해장국, 청주시 서원구 모충로 16  2층 (개신동),043 -273 -4546,,,,,,,,,,,
946,일반음식점,마시33, 청주시 서원구 1순환로648번길 5  1층 (사창동),043 -273 -4777,,,,,,,,,,,
947,일반음식점,짚신 스시&롤, 청주시 서원구 1순환로674번길 14  1층 (사창동),043 -273 -7076,,,,,,,,,,,
948,일반음식점,어우러져 좋은곳, 청주시 서원구 창직로 104  1층 (사직동),043 -273 -7466,,,,,,,,,,,
949,일반음식점,주유소, 청주시 서원구 모충로35번길 3  1층 101호 (개신동  태웅빌딩),043 -273 -7942,,,,,,,,,,,
950,일반음식점,경아두마리치킨, 청주시 서원구 예체로67번길 12-1  1층 (사직동),043 -273 -7999,,,,,,,,,,,
951,일반음식점,옛날칼국수, 청주시 서원구 성봉로 226-9  1층 (개신동),043 -273 -8181,,,,,,,,,,,
952,일반음식점,형섭이네피자, 청주시 서원구 성봉로 234-1  1층 (개신동),043 -273 -8333,,,,,,,,,,,
953,일반음식점,투다리개신3호점, 청주시 서원구 성봉로 213-1  1층 (개신동),043 -273 -9400,,,,,,,,,,,
954,일반음식점,은숙이네 밥집, 청주시 서원구 1순환로673번길 37  1층 (사창동),043 -274 -0969,,,,,,,,,,,
955,일반음식점,옥연만두, 청주시 서원구 창신로32번길 11  1층 (사창동),043 -274 -1224,,,,,,,,,,,
956,일반음식점,나능이버섯백숙, 청주시 서원구 성봉로220번길 94  1층 (개신동),043 -274 -2255,,,,,,,,,,,
957,일반음식점,낭만언니, 청주시 서원구 1순환로674번길 14  2층 (사창동),043 -274 -2577,,,,,,,,,,,
958,일반음식점,춘천본가닭갈비, 청주시 서원구 예체로1번길 34  A동 1층 (개신동),043 -274 -3008,,,,,,,,,,,
959,일반음식점,벤츠타기, 청주시 서원구 내수동로108번길 28  2층 (사창동),043 -274 -3212,,,,,,,,,,,
960,일반음식점,놀땅만땅, 청주시 서원구 모충로 59  주공아파트 상가동 1층 108호 (모충동),043 -274 -5933,,,,,,,,,,,
961,일반음식점,밥오야, 청주시 서원구 충대로14번길 57  1층 (사창동),043 -274 -6832,,,,,,,,,,,
962,일반음식점,보글보글촌, 청주시 서원구 신율로 70-1  1층 (개신동),043 -274 -8292,,,,,,,,,,,
963,일반음식점,병천할매순대, 청주시 서원구 모충로 91  1층 101호 (모충동  크리스탈빌딩),043 -274 -8828,,,,,,,,,,,
964,일반음식점,파라다이스, 청주시 서원구 예체로67번길 79  2층 (사창동),043 -274 -8882,,,,,,,,,,,
965,일반음식점,라온, 청주시 서원구 내수동로114번길 18 (사창동  (지하1층)),043 -274 -9008,,,,,,,,,,,
966,일반음식점,대게마트, 청주시 서원구 모충로 64  1층 (모충동),043 -274 -9592,,,,,,,,,,,
967,일반음식점,마초불고기, 청주시 서원구 1순환로672번길 52  1층 (사창동),043 -275 -0337,,,,,,,,,,,
968,일반음식점,대도영지한우, 청주시 서원구 천석로14번길 7  1층 (사창동),043 -275 -1184,,,,,,,,,,,
969,일반음식점,소행, 청주시 서원구 모충로 88-2  1층 (모충동),043 -275 -2234,,,,,,,,,,,
970,일반음식점,민들레보리밥, 청주시 서원구 성봉로220번길 16  1층 (개신동),043 -275 -5355,,,,,,,,,,,
971,일반음식점,골목식당, 청주시 서원구 모충로104번길 62-3  1층 (모충동),043 -275 -8323,,,,,,,,,,,
972,일반음식점,먹벙감자탕병천순대, 청주시 서원구 장구봉로 146  1층 (개신동),043 -275 -9392,,,,,,,,,,,
973,일반음식점,온천골가마솥, 청주시 서원구 1순환로 784  1동 1층 (개신동),043 -275 -9898,,,,,,,,,,,
974,일반음식점,새마을 식당, 청주시 서원구 1순환로674번길 38 (사창동 (1층)),043 -276 -0018,,,,,,,,,,,
975,일반음식점,두맛 찜닭, 청주시 서원구 성봉로 234-1  1층 (개신동),043 -276 -0075,,,,,,,,,,,
976,일반음식점,초정한우개신점, 청주시 서원구 모충로44번길 5  1층 (개신동),043 -276 -0088,,,,,,,,,,,
977,일반음식점,브라보식당, 청주시 서원구 예체로129번길 30-1  1층 (사창동),043 -276 -2453,,,,,,,,,,,
978,일반음식점,조마루감자탕사창점, 청주시 서원구 내수동로 123-1  B동 1층 (사창동),043 -276 -2766,,,,,,,,,,,
979,일반음식점,식끌버끌, 청주시 서원구 내수동로114번길 59 (사창동),043 -276 -3933,,,,,,,,,,,
980,일반음식점,샤브도둑5 000 얼큰샤브샤브, 청주시 서원구 내수동로108번길 51  1층 (사창동),043 -276 -4749,,,,,,,,,,,
981,일반음식점,어울림밥상, 청주시 서원구 예체로1번길 25  2층 (개신동),043 -276 -6161,,,,,,,,,,,
982,일반음식점,비비큐치킨앤비어모충점, 청주시 서원구 모충로 79  2층 (모충동),043 -276 -6900,,,,,,,,,,,
983,일반음식점,(주)수레로충대점, 청주시 서원구 1순환로672번길 22  2층 201호 (사창동),043 -276 -7766,,,,,,,,,,,
984,일반음식점,홍스족발(홍's족발), 청주시 서원구 1순환로672번길 42  2층 (사창동),043 -276 -7799,,,,,,,,,,,
985,일반음식점,개신풍천장어, 청주시 서원구 성봉로192번길 34-20  1층 (개신동),043 -276 -8222,,,,,,,,,,,
986,일반음식점,농협목우촌또래오래, 청주시 서원구 창신로 22  1층 (사창동),043 -276 -9255,,,,,,,,,,,
987,일반음식점,해담, 청주시 서원구 1순환로1063번길 129  1층 (분평동),043 -276 -9800,,,,,,,,,,,
988,일반음식점,새빨간 죠스찜닭, 청주시 서원구 1순환로672번길 54 (사창동  (2층)),043 -276 -9990,,,,,,,,,,,
989,일반음식점,상당해장국, 청주시 서원구 내수동로 134 (사창동 (1층)),043 -277 -0018,,,,,,,,,,,
990,일반음식점,청주장터 순대국, 청주시 서원구 내수동로 130  1층 8호 (사창동  평화아파트),043 -277 -2016,,,,,,,,,,,
991,일반음식점,쪼끼쪼끼개신1호점, 청주시 서원구 예체로19번길 4  2층 201호 (개신동  B동),043 -277 -2020,,,,,,,,,,,
992,일반음식점,종착역, 청주시 서원구 모충로 92-1 (모충동 (1층)),043 -277 -6267,,,,,,,,,,,
993,일반음식점,종가대박집, 청주시 서원구 1순환로674번길 16  1층 (사창동),043 -277 -6285,,,,,,,,,,,
994,일반음식점,타지마할, 청주시 서원구 내수동로114번길 8 (사창동 (2층)),043 -277 -7391,,,,,,,,,,,
995,일반음식점,캠퍼스전골마당, 청주시 서원구 내수동로102번길 52-1  대승중문타운 1층 101호일부 102호 (사창동),043 -277 -8000,,,,,,,,,,,
996,일반음식점,파브리카, 청주시 서원구 1순환로 682 (사창동  외1필지씨네타운SHOP#201~#204호 #205호일부 #206호일부2층),043 -277 -8068,,,,,,,,,,,
997,일반음식점,윤치리네, 청주시 서원구 1순환로674번길 52  2층 (사창동),043 -277 -8855,,,,,,,,,,,
998,일반음식점,효자문, 청주시 서원구 모충로 135  1층 (모충동),043 -277 -8884,,,,,,,,,,,
999,일반음식점,해운대횟집, 청주시 서원구 예체로1번길 38  금강빌딩   B동 1층 (개신동),043 -277 -9293,,,,,,,,,,,
1000,일반음식점,잭아저씨보쌈&족발, 청주시 서원구 모충로 67 (모충동 외 1필지(1층)),043 -277 -9988,,,,,,,,,,,
1001,일반음식점,서해쭈꾸미, 청주시 서원구 모충로 48-1  가1동 1층 (개신동),043 -278 -0122,,,,,,,,,,,
1002,일반음식점,사창수산, 청주시 서원구 창신로 20  1층 (사창동),043 -278 -2500,,,,,,,,,,,
1003,일반음식점,호식이두마리치킨 사창점, 청주시 서원구 창직로 22 (사창동),043 -278 -4455,,,,,,,,,,,
1004,일반음식점,술술회포차, 청주시 서원구 봉명로 232  1층 (사창동  240-23),043 -278 -5959,,,,,,,,,,,
1005,일반음식점,명랑시대 충북대점, 청주시 서원구 1순환로672번길 64  1층 (사창동),043 -278 -8585,,,,,,,,,,,
1006,일반음식점,김대감왕족발&보쌈, 청주시 서원구 모충로25번길 12  1층 (개신동),043 -284 -4245,,,,,,,,,,,
1007,일반음식점,죽이야기 개신사창점, 청주시 서원구 1순환로 767  1층 (개신동),043 -285 -2822,,,,,,,,,,,
1008,일반음식점,꾸니굿(cunny good), 청주시 서원구 1순환로674번길 48  1층 (사창동),043 -291 -2192,,,,,,,,,,,
1009,일반음식점,에스(S)라이브, 청주시 서원구 모충로35번길 3 (개신동  외 5필지 501호(5층)),043 -292 -3008,,,,,,,,,,,
1010,일반음식점,(주)에스하우스, 청주시 서원구 내수동로108번길 35  지하1층 (사창동),043 -293 -7369,,,,,,,,,,,
1011,일반음식점,몬스터피자, 청주시 서원구 1순환로672번길 35  1층 (사창동),043 -298 -9897,,,,,,,,,,,
1012,일반음식점,이제곧망할집, 청주시 서원구 1순환로674번길 62 (사창동  (지하 1층)),043 -466 -0004,,,,,,,,,,,
1013,일반음식점,육앤샤, 청주시 서원구 1순환로674번길 26  1층 (사창동),043 -900 -0344,,,,,,,,,,,
1014,일반음식점,청주해물포차, 청주시 서원구 모충로 79  1층 (모충동),043 -900 -0804,,,,,,,,,,,
1015,일반음식점,굿럭(Good Luck), 청주시 서원구 내수동로108번길 27  2층 (사창동),043 -902 -1473,,,,,,,,,,,
1016,일반음식점,꼬막전문점 태, 청주시 서원구 내수동로108번길 18  1층 (사창동),043 -902 -5055,,,,,,,,,,,
1017,일반음식점,시그널피자, 청주시 서원구 신율로68번길 23  1층 (개신동),043 -902 -9993,,,,,,,,,,,
1018,일반음식점,청춘튀겨 충북대점, 청주시 서원구 1순환로672번길 34  4층 (사창동),043 -903 -1005,,,,,,,,,,,
1019,일반음식점,좋은친구들, 청주시 서원구 모충로 98-2 (모충동),043 -903 -4399,,,,,,,,,,,
1020,일반음식점,놀부네김치찜, 청주시 서원구 내수동로 170-1  1층 (사창동),070 -4036-2976,,,,,,,,,,,
1021,일반음식점,포차의정석, 청주시 서원구 1순환로704번길 73  2층 (사창동),070 -4095-7106,,,,,,,,,,,
1022,일반음식점,몬쉐프가떡닭, 청주시 서원구 1순환로674번길 66  1층 (사창동),043 -905 -7788,,,,,,,,,,,
1023,일반음식점,이우당, 청주시 서원구 1순환로674번길 56 (사창동 (1층)),070 -4157-9876,,,,,,,,,,,
1024,일반음식점,미스터리쿡(Mr.Lee Cook), 청주시 서원구 1순환로674번길 56  2층 (사창동),070 -4157-9876,,,,,,,,,,,
1025,일반음식점,파라다이스, 청주시 서원구 1순환로672번길 41  지하1층 (사창동),070 -4200-7790,,,,,,,,,,,
1026,일반음식점,좋은원두 일레븐 충북대점, 청주시 서원구 1순환로674번길 52  1층 (사창동),070 -4226-9091,,,,,,,,,,,
1027,일반음식점,어번브라운, 청주시 서원구 예체로 92-1  1층 2층 3층 4층 (사창동  어번브라운2),070 -4256-3402,,,,,,,,,,,
1028,일반음식점,양지순대, 청주시 서원구 내수동로 159 (사창동 (1층)),070 -4330-5579,,,,,,,,,,,
1029,일반음식점,썸(SSUM), 청주시 서원구 내수동로108번길 33 (사창동 (2층)),070 -8632-9178,,,,,,,,,,,
